paper_name,paper_time,paper_category,paper_introduce
从代码角度看各类子域名收集工具,2020年08月12日,安全工具&安全开发404专栏,"作者：w7ay @ 知道创宇404实验室 时间：2020年8月12日 开源的域名收集工具有很多，本文会从代码的角度去看各类开源的域名收集工具的技术特点，以及各有哪些优缺点，来帮助大家，在合适的时..."
"记一次 VMware 的崩溃调试分析过程",2020年08月12日,经验心得,"作者：启明星辰ADLab 公众号：https://mp.weixin.qq.com/s/ODmXAZKz5JVitjzXpUdz9g 1 背景 VMware Workstation是一款主流..."
"Shiro-550 PoC 编写日记",2020年08月11日,经验心得404专栏,"作者：w7ay @ 知道创宇404实验室 时间：2020年8月11日 深刻认识到不会java搞这类poc的困难，只能做一个无情的搬砖机器。 目标是编写Pocsuite3 python版本的Shi..."
"深入浅出 ELF",2020年08月10日,安全工具&安全开发,"作者：evilpan 原文链接： https://evilpan.com/2020/08/09/elf-inside-out/ 本文为作者投稿，Seebug Paper 期待你的分享，凡经采用即..."
"Docker 逃逸小结第一版",2020年08月10日,Web安全,"作者：tom0li 本文为作者投稿，Seebug Paper 期待你的分享，凡经采用即有礼品相送！ 投稿邮箱：paper@seebug.org 0x00 容器101 docker 启动的调用..."
"关于 CS 的 Blockdll 实现的个人 POC",2019年05月27日,经验心得,"作者:1u0m 本文为作者投稿，Seebug Paper 期待你的分享，凡经采用即有礼品相送！ 投稿邮箱：paper@seebug.org 0x00 什么是BlockDll 根据CobaltS..."
"The Analysis of Drupal 1-click to RCE",2019年05月23日,"漏洞分析404 English Paper","Author: LoRexxar'@Knownsec 404 Team Chinese Version: https://paper.seebug.org/897/ On April 11th..."
"The Recurrence of Apache Root Privilege Escalation (CVE-2019-0211)",2019年05月23日,"漏洞分析404 English Paper","Author: Hcamael@Knownsec 404 Team Chinese Version: https://paper.seebug.org/889/ In April, Apache..."
"The Detailed Analysis of WordPress 5.0 RCE",2019年05月17日,"漏洞分析404 English Paper","Author：LoRexxar'@Knownsec 404 Team Chinese Version：https://paper.seebug.org/822/ On February 20th..."
"IO FILE 之 fread 详解",2019年05月16日,经验心得,"原文来自安全客，作者：raycp 原文链接：https://www.anquanke.com/post/id/177958 相关阅读：IO FILE 之 fopen 详解 这是IO FILE系列..."
"利用 JAVA 调试协议 JDWP 实现反弹 shell",2019年05月29日,经验心得,"作者：Spoock 来源：https://blog.spoock.com/2019/04/20/jdwp-rce/ 说明 前面已经有两篇文章介绍了有关反弹shell的内容，使用Java反弹sh..."
"netstat 源代码调试 & 原理分析",2019年05月29日,经验心得,"作者：Spoock 来源：https://blog.spoock.com/2019/05/26/netstat-learn/ 说明 估计平时大部分人都是通过netstat来查看网络状态，但是事实..."
"MIMIC Defense CTF 2019 final writeup",2019年05月29日,CTF404专栏,"作者：LoRexxar'@知道创宇404实验室 上周有幸去南京参加了强网杯拟态挑战赛，运气比较好拿了第二名，只是可惜是最后8分钟被爆了，差一点儿真是有点儿可惜。 有关于拟态的观念我会在后面讲防火..."
"go get -v CVE-2018-16874",2019年05月28日,经验心得,"作者：ztz 来源：https://projectsharp.org/2019/05/26/go-get-v-cve-2018-16874/ 这是一篇拖了很久的文 起因是某次给 godoc.or..."
"黑狮行动: 针对西班牙语地区的攻击活动分析",2019年05月28日,情报分析,"作者：启明星辰ADLab 公众号：https://mp.weixin.qq.com/s/jF1Gg7Lo-2NGti2n6k5zlA 0x01 引言 近期，启明星辰ADLab监测到一批疑似针对西..."
"The Front-End Defense--Changes of CSP",2019年06月04日,"经验心得404 English Paper","Author: LoRexxar'@Knowsec 404 Team Chinese version: https://paper.seebug.org/423/ 0x01 The beginn..."
"Linux 内核 SCTP 协议漏洞分析与复现 （CVE-2019-8956）",2019年05月31日,漏洞分析,"作者：启明星辰ADLab 公众号：https://mp.weixin.qq.com/s/enoWQh1yo0Qjzck3ZzwidA 一、 漏洞背景 Linux 内核 SCTP 协议实现中存在一..."
"Windows RDP 服务高危漏洞分析 （CVE-2019-0708）",2019年05月31日,漏洞分析,"作者： 启明星辰ADLab 公众号：https://mp.weixin.qq.com/s/5WRJUPgPXU2Ja_R6pRPh_g 1. 背景 2019 年 5 月 14 日微软官方发布紧急..."
"About WordPress 5.1.1 CSRF to RCE Vulnerability",2019年05月31日,"漏洞分析404 English Paper","Author: LoRexxar'@Knownsec 404 Team Chinese Version: https://paper.seebug.org/854/ On March 13,..."
"深入分析 IO_FILE 与 Unosrtbin Largebin attack 的结合利用",2019年05月30日,经验心得,"作者：V1NKe 来源：https://xz.aliyun.com/t/5267 前言： 最近在学习的过程中，遇到一个很有趣的东西，就是IO_FILE和Largebin Unsortbin at..."
"Modification in Reverse: Unity3D Android Games",2019年06月06日,"移动安全404 English Paper","Author: dawu@Knownsec 404 Team Chinese Version:https://paper.seebug.org/829/ 0x00 Introduction Th..."
"“方程式组织”攻击 SWIFT 服务提供商 EastNets 事件复盘分析报告",2019年06月06日,情报分析,"作者：安天CERT 来源：https://www.antiy.cn/research/notice&amp;report/research_report/20190601.html 1、事件背景..."
"如何绕过高版本 JDK 的限制进行 JNDI 注入利用",2019年06月06日,经验心得,"作者：KINGX 公众号：https://mp.weixin.qq.com/s/Dq1CPbUDLKH2IN0NA_nBDA 写在前面 Java JNDI注入有很多种不同的利用载荷，而这些Pay..."
"黑雀攻击：深度分析并溯源 Dofloo 僵尸物联网背后的“黑雀”",2019年06月05日,情报分析,"作者：启明星辰ADLab 公众号：https://mp.weixin.qq.com/s/5eUgB6uAg60PmwyVLm3yOA 引言 2019 年 4 月开始，启明星辰ADLab 观察到..."
"细说 sqlmap_api",2019年06月05日,经验心得,"作者：看不尽的尘埃 本文为作者投稿，Seebug Paper 期待你的分享，凡经采用即有礼品相送！ 投稿邮箱：paper@seebug.org 前言 以前觉得 sqlmap 自己玩得挺溜了，结果..."
"The Analysis of Mybb 18.20 From Stored XSS to RCE",2019年06月14日,"漏洞分析404 English Paper","Author: LoRexxar'@Knownsec 404 Team Chinese Version: https://paper.seebug.org/949/ On June 11th, ..."
"《 2018 年 Android 应用安全白皮书》重磅发布：超 98% Android 应用存有安全风险",2019年06月14日,移动安全,"作者：腾讯科恩实验室 公众号：https://mp.weixin.qq.com/s/sb2hndSGn_IpMWmSGC4rPg 伴随恶意程序、资费消耗、数据泄露等移动端应用安全威胁与日俱增，A..."
"Vim/Neovim 基于 modeline 的多个任意代码执行漏洞分析（CVE-2002-1377、CVE-2016-1248、CVE-2019-12735）",2019年06月13日,漏洞分析404专栏,"作者：fenix@知道创宇 404 实验室 日期：2019 年 6 月 11 日 英文版本：https://paper.seebug.org/956/ 前言 Vim 是从 vi 发展出来的一个文..."
"Bluehat 上海 2019 安全大会议题 PPT 公布",2019年06月13日,经验心得,"在过去的十五年间，微软安全应急响应中心（MSRC）在微软北美总部和以色列举办了多届 BlueHat 安全大会。2019年5月29-30日，BlueHat 安全大会在上海召开，其目的是希望可以为中..."
云安全挑战赛线上热身赛冠军战队解题分享,2019年06月13日,CTF,"作者：紫荆花 原文链接： https://zhuanlan.kanxue.com/article-8686.htm GeekPwn 与腾讯安全联合发起的“云安全挑战赛”线上热身赛已经落下帷幕。 ..."
"Mybb 18.20 From Stored XSS to RCE 分析",2019年06月12日,漏洞分析404专栏,"作者：LoRexxar'@知道创宇404实验室 日期：2019年6月12日 英文版本：https://paper.seebug.org/954/ 2019年6月11日，RIPS团队在团队博客中分..."
"Analysis of ES File Explorer Security Vulnerability(CVE-2019-6447)",2019年06月12日,"漏洞分析404 English Paper","Author: 0x7F@Knownsec 404 Team Chinese Version: https://paper.seebug.org/831/ 0x00 Preface ES Fil..."
"Linux Kernel: the ROP Exploit of Stack Overflow in Android Kernel",2019年06月11日,"二进制安全404 English Paper","Author: Hcamael@Knownsec 404 Team Chinese Version:https://paper.seebug.org/808/ Introduction Ther..."
*CTF-OOB-Writeup,2019年06月11日,二进制安全CTF,"作者：V1NKe 来源：https://xz.aliyun.com/t/5368 前言： 之前参加*CTF看到出了一道v8的题，之前就对v8感兴趣，拖了很久才把这题给弄清楚。不过这题出题人在原基..."
如何通过一封恶意邮件追踪幕后黑客组织,2019年06月10日,经验心得,"作者：道明君 公众号：https://mp.weixin.qq.com/s/2_-dXLwkC3slFYV4lBsp2w 一、前言 近日朋友收到一封来自海外的钓鱼邮件，委托我帮忙分析。因此我对钓..."
"CVE-2019-11477：Linux 内核中TCP协议栈整数溢出漏洞详细分析",2019年06月21日,漏洞分析,"作者：罗权、于长奇@奇安信代码卫士 公众号：https://mp.weixin.qq.com/s/HVt5DiAMePmKvIMTFH-UTA 漏洞概述 2019年6月18日，RedHat官网..."
"CVE-2019-0232： Apache Tomcat RCE 漏洞分析",2019年06月21日,漏洞分析,"作者：Lyle 来源：https://xz.aliyun.com/t/4875 本文为作者投稿，Seebug Paper 期待你的分享，凡经采用即有礼品相送！ 投稿邮箱：paper@seebug..."
"保障 IDC 安全：分布式 HIDS 集群架构设计",2019年06月20日,经验心得,"作者：陈驰 来源：https://tech.meituan.com/2019/01/17/distributed-hids-cluster-architecture-design.html 背景..."
"Vim/Neovim Arbitrary Code Execution Via Modelines (CVE-2002-1377, CVE-2016-1248, CVE-2019-12735)",2019年06月14日,"漏洞分析404 English Paper","Author: fenix@Knownsec 404 Team Chinese Version: https://paper.seebug.org/952/ Introduction Vim i..."
"TenSec 2019 | 议题解读: 虚拟化软件QEMU漏洞分析",2019年06月14日,漏洞分析,"作者：腾讯科恩实验室 公众号：https://mp.weixin.qq.com/s/SgY1QsPmgU8iI4EUJfhznQ 6月12日，由腾讯安全发起，腾讯安全科恩实验室与腾讯安全平台部联..."
"致远 OA 变种 BASE64 算法的加解密方法",2019年06月28日,漏洞分析,"作者：kk 本文为作者投稿，Seebug Paper 期待你的分享，凡经采用即有礼品相送！ 投稿邮箱：paper@seebug.org 在几天前，我就收到致远OA的RCE漏洞部分详情，但是并没有..."
"由一段神秘文字所引发的调查与分析 -- 集勒索、间谍、银行木马于一体的 Anubis 新变种追踪",2019年06月27日,情报分析,"作者：启明星辰ADLab 公众号：https://mp.weixin.qq.com/s/TwPL_F6hihPuHb9NtL7rtA 1. 再相见 近期，启明星辰ADLab对便签网站Pasteb..."
"结合 CVE-2019-1040 漏洞的两种域提权利用深度分析",2019年06月26日,漏洞分析,"作者：天融信阿尔法实验室 公众号：https://mp.weixin.qq.com/s/NEBi8NflfaEDL2qw1WIqZw 漏洞概述 2019年6月，Microsoft发布了一条安全更..."
"Linux 内核 TCP 协议多个 SACK 功能拒绝服务漏洞分析",2019年06月25日,漏洞分析,"作者： 启明星辰ADLab 公众号： https://mp.weixin.qq.com/s/cVZvgd5xvj4ljchlwDSDYQ 一、漏洞背景 2019年6月18日，Redhat发布安全..."
"TenSec 2019 安全议题 ppt 公开",2019年06月25日,经验心得,"6月11-12日，由腾讯安全发起，腾讯安全科恩实验室和腾讯安全平台部联合主办，腾讯安全学院协办的第四届腾讯安全国际技术峰会(TenSec 2019)于上海召开。作为国际前沿安全技术的年度盛会，本..."
"Shodan BinaryEdge ZoomEye 网络空间搜索引擎测评",2019年07月01日,安全工具&安全开发,"来源：https://www.freebuf.com/fevents/206656.html 英文原文：https://www.secjuice.com/new-kids-on-the-bloc..."
"imagemagick 邂逅 getimagesize 的那点事儿",2019年07月01日,Web安全,"作者：Phith0n@长亭科技 来源：https://www.leavesongs.com/PENETRATION/when-imagemagick-meet-getimagesize.html..."
"Analysis of Linux Kernel TCP MSS Mechanism",2019年07月01日,"二进制安全404 English Paper","Author: Hcamael@Knownsec 404 Team Chinese Version:https://paper.seebug.org/966/ Overview Last Wee..."
"Linux 内核 TCP MSS 机制详细分析",2019年07月01日,二进制安全404专栏,"作者：Hcamael@知道创宇 404 实验室 时间：2019 年 6 月 26 日 英文版本：https://paper.seebug.org/967/ 前言 上周Linux内核修复了4个CV..."
黑吃黑：揭秘零零狗团伙利用裸贷照片等诱惑性手段的攻击活动,2019年06月28日,情报分析,"作者： 奇安信威胁情报中心 公众号：https://mp.weixin.qq.com/s/MadzLRi2494UzDJMIGBbUQ 前言 裸条（裸贷）是在进行借款时，以借款人手持身份证的裸体..."
"How to Develop Linux Driver from Scratch",2019年07月10日,"经验心得404 English Paper","Author: Hcamael@Knownsec 404 Team Chinese Version: https://paper.seebug.org/779/ Recently, when I..."
"Redis 基于主从复制的 RCE 利用方式",2019年07月09日,经验心得404专栏,"作者：LoRexxar'@知道创宇404实验室 时间：2019年7月9日 英文版本：https://paper.seebug.org/975/ 在2019年7月7日结束的WCTF2019 Fin..."
"腾讯御见监测到“萝莉帮”跨平台僵尸网络，可发起 DDoS 攻击",2019年07月04日,情报分析,"作者：腾讯御见威胁情报中心 公众号：https://mp.weixin.qq.com/s/jPA0lCbSi_JLkEn3WoMH7Q 背景 近期腾讯安全御见威胁情报中心监测到一个名为“萝莉帮（..."
"Godlua Backdoor 分析报告",2019年07月02日,情报分析,"作者：360netlab 来源：https://blog.netlab.360.com/an-analysis-of-godlua-backdoor/ 背景介绍 2019年4月24号，360Ne..."
"微软 RDP 服务高危 UAF 漏洞分析 (CVE-2019-0708)",2019年07月02日,漏洞分析,"作者：天融信阿尔法实验室 公众号：https://mp.weixin.qq.com/s/2qdomRT1a6WvRfg2dtZr5A 一、 简介 CVE-2019-0708经微软披露已经有一个多..."
"Lucky Ransomware Analysis and File Decryption",2019年07月17日,"情报分析404 English Paper","Author：Hcamael &amp; 0x7F@Knownsec 404 Team Date: December 4, 2018 Chinese Version: https://..."
"Analysis of Front-End SSRF in Discuz x3.4",2019年07月17日,"漏洞分析404 English Paper","Author: LoRexxar'@Knownsec 404 Team Date: December 7, 2018 Chinese Version: https://paper.seebug...."
"CVE-2019-11581 Atlassian Jira未授权模板注入漏洞分析",2019年07月17日,漏洞分析,"作者：绿盟科技伏影实验室 本文为作者投稿，Seebug Paper 期待你的分享，凡经采用即有礼品相送！ 投稿邮箱：paper@seebug.org 环境搭建 使用atlas-debug调试 ..."
"Analysis of Thinkphp5 Remote Code Execution Vulnerability",2019年07月15日,"漏洞分析404 English Paper","Author: Knownsec 404 Team Date: December 19, 2018 Chinese Version: https://paper.seebug.org/770/ ..."
"RCE Exploits of Redis Based on Master-Slave Replication",2019年07月11日,"经验心得404 English Paper","Author: LoRexxar'@Knownsec 404 Team Chinese Version: https://paper.seebug.org/975/ On the WCTF201..."
"Patch and Analysis of the Joomla Vulnerability",2019年07月22日,"漏洞分析404 English Paper","Author：LoRexxar'@Knownsec 404 Team Date: Feburary 7, 2018 Chinese Version: https://paper.see..."
"Analysis of Weblogic Deserialization Vulnerability (CVE-2018-2628)",2019年07月19日,"漏洞分析经验心得404 English Paper","Author：Badcode@Knownsec 404 Team Date: April 25, 2018 Chinese Version: https://paper.seebug...."
"Analysis of the Security Issues of URL Scheme in PC from CVE-2018-8495",2019年07月18日,"Web安全404 English Paper","Author: 0x7F@Knownsec 404 Team Date: October 18, 2018 Chinese Version: https://paper.seebug.org/7..."
"Analysis of GPON Home Gateway Remote Command Execution Vulnerability",2019年07月18日,"漏洞分析404 English Paper","Author：dawu@Knownsec 404 Team Date: May 4, 2018 Chinese Version: https://paper.seebug.org/59..."
"Analysis of Git Submodule Vulnerability (CVE-2018-17456)",2019年07月18日,"漏洞分析404 English Paper","Author：Hcamael@Knownsec 404 Team Date: October 15, 2018 Chinese Version: https://paper.seebu..."
"Analysis of Spring MVC Directory Traversal Vulnerability (CVE-2018-1271)",2019年07月25日,"漏洞分析404 English Paper","Author：Badcode@Knownsec 404 Team Date: August 14, 2018 Chinese Version: https://paper.seebug..."
"CVE-2019-11229详细分析 --git config可控-RCE",2019年07月24日,漏洞分析404专栏,"作者：LoRexxar'@知道创宇404实验室 时间：2019年7月23日 英文版本：https://paper.seebug.org/990/ 2019年4月15号，gitea曾爆出过一个漏洞..."
"Analysis of CVE-2019-11229 -- From Git Config to RCE",2019年07月24日,"漏洞分析404 English Paper","Author: LoRexxar'@Knownsec 404 Team Date: July 23, 2019 Chinese Version: https://paper.seebug.org..."
"Extend the Attack Surface of PHP Deserialization Vulnerability via Phar",2019年07月23日,"Web安全404 English Paper","Author: Knownsec 404 Team Date: August 23, 2018 Chinese Version: https://paper.seebug.org/680/ 0x..."
"2019 年上半年高级持续性威胁（APT）研究报告",2019年07月23日,专题报告,"作者：腾讯安全御见威胁情报中心 来源：https://s.tencent.com/research/report/762.html 腾讯安全御见威胁情报中心根据团队自己的研究以及搜集的国内外同行..."
"Analysis of Typo3 deserialization vulnerability (CVE-2019-12747)",2019年08月01日,"漏洞分析404 English Paper","Author: mengchen@Knownsec 404 Team Date: August 1, 2019 Chinese Version: https://paper.seebug.org..."
"Getting Started Tutorial--How to Explore the Camera Vulnerability (Firmware)",2019年07月30日,"经验心得404 English Paper","Author: fenix@Knownsec 404 Team Date: November 27, 2017 Chinese Version: https://paper.seebug.org..."
"zkSNARK 合约「输入假名」漏洞致众多混币项目爆雷",2019年07月29日,区块链,"作者：p0n1@安比实验室 公众号：安比实验室 大量零知识证明项目由于错误地使用了某个 zkSNARKs 合约库，引入「输入假名 (Input Aliasing) 」漏洞，可导致伪造证明、双花、..."
"Fastjson 流程分析及 RCE 分析",2019年07月29日,漏洞分析,"作者：Lucifaer 博客：https://www.lucifaer.com/ 其实最近爆出的这个rce在去年的时候就有更新，poc在github的commit记录中也有所体..."
"The Exploits of Xdebug in PhpStorm",2019年07月26日,"Web安全404 English Paper","Author: dawu@Knownsec 404 Team Date: August 16, 2018 Chinese Version: https://paper.seebug.org/66..."
"Quickjs UAF漏洞分析，利用以及修复",2019年08月02日,漏洞分析,"作者：Alex 本文为作者投稿，Seebug Paper 期待你的分享，凡经采用即有礼品相送！ 投稿邮箱：paper@seebug.org 0x01 介绍 Quickjs..."
"Adobe ColdFusion RCE(CVE-2019-7839) 漏洞分析",2019年08月02日,漏洞分析404专栏,"作者: Badcode@知道创宇404实验室 日期: 2019/07/09 英文版本： https://paper.seebug.org/1000/ 漏洞简介 ​ Ad..."
"Analysis of Adobe ColdFusion RCE (CVE-2019-7839)",2019年08月02日,"漏洞分析404 English Paper","Author: Badcode@Knownsec 404 Team Date: July 9, 2019 Chinese Version: https://paper.seebug.org/99..."
"TSec 2019 议题 PPT：Comprehensive analysis of the mysql client attack chain",2019年08月01日,经验心得404专栏,"作者：LoRexxar'@知道创宇404实验室 2019年7月31日，以“前沿科技、尖端对抗”为主题的腾讯安全探索论坛（TSec）正式迎来第三届，知道创宇404实验室安全研究员@LoRexxar..."
"Typo3 CVE-2019-12747 反序列化漏洞分析",2019年08月01日,漏洞分析404专栏,"作者：mengchen@知道创宇404实验室 时间：2019年8月1日 英文版本：https://paper.seebug.org/997/ 1. 前言 TYPO3是一个以PHP编写、采用GNU..."
"KDE4/5 命令执行漏洞 (CVE-2019-14744) 简析",2019年08月08日,漏洞分析404专栏,"作者: HACHp1@知道创宇404实验室 日期: 2019/08/08 漏洞简介 KDE Frameworks是一套由KDE社群所编写的库及软件框架，是KDE Plasma ..."
"Agwl 病毒团伙对 Linux 系统的三连击：挖矿、DDoS、删库勒索",2019年08月07日,情报分析,"作者：腾讯安全御见威胁情报中心 来源：https://mp.weixin.qq.com/s/wCjKwENZajw1vA9dmdgftQ 腾讯安全御见威胁情报中心监测到“..."
一条命令实现端口复用后门,2019年08月06日,经验心得,"原文：https://mp.weixin.qq.com/s/HDZUsTbffeGhgwu1FOWQNg 作者： Twi1ight @孟极实验室 说到端口复..."
总结：IOTA反驳DCI实验室提出的漏洞荒谬至极,2019年08月05日,区块链404专栏,原文：https://medium.com/@noahruderman/a-summary-of-why-iotas-refutation-of-a-vulnerability-by-dci-l...
"基于 Unicorn 和 LibFuzzer 的模拟执行 fuzzing",2019年08月02日,安全工具&安全开发,"作者：刘瑞恺 @平安科技银河实验室 原文链接：基于Unicorn和LibFuzzer的模拟执行fuzzing 之前，银河实验室对基于unicorn的模拟执行fuzzing技..."
"疑似 DarkHydrus APT 组织针对中东地区的定向攻击活动分析",2019年01月16日,情报分析,"作者：360威胁情报中心 公众号：360威胁情报中心 背景 2019年1月9日，360威胁情报中心捕获到多个专门为阿拉伯语使用者设计的诱饵文档。钓鱼文档为携带恶意宏的Office Excel文档..."
"浅析 Java 序列化和反序列化",2019年01月15日,Web安全,"作者：gyyyy@猎户攻防实验室 公众号：猎户攻防实验室 序列化机制 序列化 （Serialization） 是指将数据结构或对象状态转换成字节流 （例如存储成文件、内存缓冲，或经由网络传输） ..."
"Story1 Mom What Is Zero Multiplied By Infinity",2019年01月15日,漏洞分析,"作者: Qixun Zhao(@S0rryMybad) of Qihoo 360 Vulcan Team 博客：https://blogs.projectmoon.pw/2019/01/13/S..."
以太坊智能合约静态分析,2019年01月14日,区块链,"作者：高峰 黄绍莽@360 IceSword Lab 博客：https://www.iceswordlab.com 概述 目前，以太坊智能合约的安全事件频发，从The DAO事件到最近的Fomo..."
安全研究者的自我修养（完整版）,2019年01月14日,经验心得,"作者：riusksk 公众号：漏洞战争 注：本文为原文上下篇合集 在上篇文章《推荐今年C3黑客大会上的几个议题》中提到“Attacking Chrome IPC”这个议题，我觉得该议题最大的亮点..."
[下篇]从补丁diff到EXP--CVE-2018-8453漏洞分析与利用,2019年01月23日,漏洞分析,"作者：ze0r @360A-TEAM 公众号：360安全监测与响应中心 相关阅读：[上篇]从补丁diff到EXP--CVE-2018-8453漏洞分析与利用 CVE-2018-8453漏洞是..."
云上挖矿大数据：黑客最钟爱门罗币,2019年01月17日,区块链,"作者：zhenyiguo、jaryzhou、youzuzhang @腾讯安全云鼎实验室 公众号：云鼎实验室 2018年，区块链项目在这一年上演着冰与火之歌，年初火爆的比特币在一年时间内跌去八成。..."
"Sensitive Information Disclosure Vulnerability Data Analysis Report for Multiple Devices Based on SNMP Protocol",2019年01月17日,"情报分析IoT安全404 English Paper","Author: Knownsec 404 Team Chinese version: https://paper.seebug.org/795/ 1. Update 2. Brief Intr..."
"多种设备基于 SNMP 协议的敏感信息泄露漏洞数据分析报告",2019年01月17日,情报分析IoT安全404专栏,"作者：知道创宇404实验室 English version：https://paper.seebug.org/796/ 1. 更新情况 2. 事件概述 SNMP协议[1]，即简单网络管理协议（..."
"浅析 OGNL 的攻防史",2019年01月16日,Web安全,"作者：Lucifaer 博客：https://www.lucifaer.com 在分析Struts2漏洞的过程中就一直想把OGNL的运行机制以及Struts2对OGNL的防护机制总结一下，但是一..."
"APT 为什么不使用 HTTPS 协议？",2019年01月24日,漏洞分析404专栏,"原文：Why does APT not use HTTPS? 作者：Chris Lamb 译者：Nanako@知道创宇404实验室 （这篇文章代表了一段时间前，特别是在CVE-2019-34..."
"List of bug bounty writeups",2019年01月24日,经验心得,"来源：https://pentester.land/ 1. Bug bounty writeups published in 2019 ..."
以太坊漏洞可导致“重入攻击”风险？,2019年01月23日,漏洞分析区块链,"作者:BCSEC 公众号:DVPNET 前言 1月16日凌晨,以太坊准备进行君士坦丁堡硬分叉的前一日被披露出来了一则漏洞，该漏洞由新启动的EIP 1283引起，漏洞危害准确的说应该是一种可能..."
"IPC Voucher UaF Remote Jailbreak Stage 2",2019年01月23日,漏洞分析移动安全,"作者: Qixun Zhao(@S0rryMybad) of Qihoo 360 Vulcan Team 博客：《IPC Voucher UaF Remote Jailbreak Stage 2..."
"apt  apt-get 中的远程执行代码",2019年01月23日,漏洞分析404专栏,"原文：Remote Code Execution in apt/apt-get 作者：Max Justicz 译者：Nanako@知道创宇404实验室 TL,DR: 我在apt中发现了一个漏..."
我被人吞了一部手机，调查后发现对方是淘宝打假人,2019年02月15日,经验心得,"作者：凌云 公众号：我会永远在你身后 大家好，我是凌云；这段时间经济不允许我胡作非为，毅然把一台闲置的手机挂到闲鱼上，没过两天就来了个爽快的哥们问手机还在不在，也不砍价，商量好了不包邮，邮费到付..."
"从 0 开始学 Linux 内核之 android 内核栈溢出 ROP 利用",2019年02月14日,二进制安全404专栏,"作者：Hcamael@知道创宇404实验室 英文版本：https://paper.seebug.org/947/ 最近在研究一个最简单的android内核的栈溢出利用方法，网上的资料很少，就算有..."
"2018 年云上挖矿分析报告",2019年01月29日,情报分析区块链,"作者：阿里云安全 来源公众号：阿里云安全 在刚刚过去的 2018 年，恶意挖矿事件层出不穷。尽管加密货币的价格经历了狂欢后的暴跌之痛，但挖矿仍是网络黑产团伙在入侵服务器之后，最直接的变现手段。随..."
"Gafgyt 魔高一尺，引领僵尸网络",2019年01月28日,IoT安全,"作者：伏影实验室 公众号：绿盟科技 概述 在万物互联的物联网时代，IoT设备的脆弱性亦广为世人所发掘。随着暴露在互联网中存在安全隐患的IoT设备的增多（仅中国国内就有1200W台以上），越来..."
"Microsoft Exchange 任意用户伪造漏洞（CVE-2018-8581）分析",2019年01月25日,漏洞分析,"作者：天融信阿尔法实验室 公众号：天融信阿尔法实验室 0x00前言 近日，Microsoft公告中披露了一则关于Exchange Server的任意用户伪造漏洞，天融信阿尔法实验室对此漏洞进行..."
"长亭技术专栏 2018 年度文集",2019年02月18日,经验心得,"作者：长亭科技 PDF阅读：https://images.seebug.org/archive/%E9%95%BF%E4%BA%AD%E6%8A%80%E6%9C%AF%E4%B8%93%E6%..."
"拒绝超长函数，从两个 curl 远程漏洞说起",2019年02月18日,漏洞分析,"作者：「Tencent Blade Team」leonwxqian 公众号：腾讯安全应急响应中心 &lt;一&gt; 背景 Tencent Blade Team在代码审计过程中发现了curl中存..."
"IDN Visual Security Deep Thinking",2019年02月15日,经验心得,"作者：xisigr PDF阅读：https://images.seebug.org/archive/idn-visual-security-deep-thinking.pdf"
"Adobe ColdFusion 反序列化 RCE 漏洞分析(CVE-2019-7091)",2019年02月15日,漏洞分析,"作者：启明星辰ADLab 公众号：ADLab 漏洞描述 2019年2月12日，Adobe官方发布了针对Adobe ColdFusion的安全更新补丁，编号为APSB19-10。补丁中包含启明星辰..."
我人肉了一个用果照威胁女孩的变态,2019年02月15日,经验心得,"作者：凌云 公众号：我会永远在你身后"
"Windows DHCP Server远程代码执行漏洞分析（CVE-2019-0626）",2019年02月20日,漏洞分析,"作者：启明星辰ADLab 公众号：ADLab 1. 漏洞背景 2月12日，微软发布2月份月度例行安全公告，修复了多个高危漏洞，其中包括Windows DHCP Server远程代码执行漏洞CVE..."
"Hacking Jenkins Part 2 - Abusing Meta Programming for Unauthenticated RCE!",2019年02月20日,漏洞分析,"作者：Orange Tsai 来源：https://devco.re/blog/2019/02/19/hacking-Jenkins-part2-abusing-meta-programming..."
有个姑娘被跟踪狂盯上，一调查才发现对方以组织夜跑为幌子，专搞女孩。,2019年02月19日,经验心得,"作者：凌云 公众号：我会永远在你身后 在阅读本文前，我要说的是，你可以当作一篇科普文，可以当成一篇故事去读，我不承认这事是真实（调查手法已经违法，怕让人盯上）也不承认这事是假的，我们的目的是让..."
"Hacking Jenkins Part 1 - Play with Dynamic Routing",2019年02月18日,漏洞分析,"作者：Orange Tsai 来源：https://devco.re/blog/2019/01/16/hacking-Jenkins-part1-play-with-dynamic-routin..."
"项目推荐：My Browser Exploitation Repository",2019年02月18日,经验心得,"作者：aSiagaming 项目地址：https://github.com/vngkv123/aSiagaming My Browser Exploitation Repository Chr..."
"Linux watchdogs 感染性隐藏挖矿病毒入侵还原录",2019年02月25日,情报分析,"作者：安全攻防组@腾讯安全云鼎实验室 公众号：https://mp.weixin.qq.com/s/3V0HVEREZWU8SkRWLspaxg 一、背景 近日，腾讯云安全团队监测到部分云上及外..."
"天融信关于 drupal8 系列框架和漏洞动态调试深入分析",2019年02月25日,漏洞分析,"作者：天融信阿尔法实验室 公众号：https://mp.weixin.qq.com/s/_OAwkKMws9F-RP7lBwSmbw 前言 在drupal框架中，比较经典又离我们最近的莫过于18..."
"WordPress 5.0 RCE 详细分析",2019年02月22日,漏洞分析404专栏,"作者：LoRexxar'@知道创宇404实验室 时间：2019年2月22日 英文版本：https://paper.seebug.org/926/ 2月20号，RIPS团队在官网公开了一篇Word..."
"Drupal SA-CORE-2019-003 远程命令执行分析",2019年02月22日,漏洞分析,"作者：Rico @腾讯安全云鼎实验室 公众号：https://mp.weixin.qq.com/s/EQD4-K6HgBY9wdzeXeyzkg 0. 漏洞背景 2 月 20 日 Drupal ..."
项目推荐：十多年“渗透攻击”经验分享——Micro8,2019年02月21日,经验心得,"作者：Micropoor 项目地址：https://github.com/Micropoor/Micro8 渗透攻击超十年，由于年龄，身体原因，自己感觉快要退出一线渗透攻击了。遂打算把毕生所学..."
"简单 Unity3D 安卓游戏逆向思路",2019年02月26日,移动安全404专栏,"作者：dawu@知道创宇404实验室 时间：2019/02/25 英文版本：https://paper.seebug.org/943/ 0x00 前言 这是一篇游戏引发的简单技术文。 起..."
"Linux 内核存在本地提权漏洞（CVE-2019-8912）",2019年02月26日,漏洞分析,"作者：启明星辰ADLab 公众号：https://mp.weixin.qq.com/s/K1clZUCZBRtKi5wx1IhTcg 一、 漏洞背景 近日，Linux git中发布一个commi..."
"Nexus Repository Manager 3 远程代码执行漏洞分析（CVE-2019-7238）",2019年02月26日,漏洞分析,"作者：Lucifaer 博客：https://www.lucifaer.com 这篇分析其实在上周五也就是2月15号左右就已经分析完了，但是当时没有及时发出来，当周一看到iswin dalao发..."
驱动人生供应链木马攻击2019.1.30变种木马分析,2019年02月25日,情报分析,"作者：倾旋 作者博客：https://payloads.online/archivers/2019-02-23/1 360安全大脑监测到通过”驱动人生”供应链攻击传播的挖矿木马在1月30日下午4..."
"Wordpress 5.0.0 远程代码执行漏洞分析与复现",2019年02月25日,漏洞分析,"作者：启明星辰ADLab 公众号：https://mp.weixin.qq.com/s/9DMGLOvFJUjq8MaMr9eg6A 一、漏洞介绍 2月19日，Rips在博客上披露了一个关于Wo..."
红队后渗透测试中的文件传输技巧,2019年03月05日,经验心得404专栏,"作者：xax007@知道创宇404 ScanV安全服务团队 作者博客：https://xax007.github.io/ 在红队渗透测试当中往往需要最大化利用当前的环境绕过重兵防守的系统的防火墙..."
"利用 Exchange SSRF 漏洞和 NTLM 中继沦陷域控",2019年03月05日,经验心得404专栏,"作者：xax007@知道创宇404 ScanV安全服务团队 作者博客：https://xax007.github.io/ 漏洞简述 在群里看到一篇分享的利用 Exchange SSRF 漏洞..."
"从补丁 DIFF 到 EXP：CVE-2019-0623 漏洞分析与利用",2019年03月04日,漏洞分析,"作者：ze0r @360A-TEAM 公众号：360ESG CERT 在本篇文章中，我们将对CVE-2019-0623进行深入分析并得到利用EXP。 这个漏洞是微软在2019年2月份的补丁日..."
"ES 文件浏览器安全漏洞分析(CVE-2019-6447)",2019年02月28日,漏洞分析404专栏,"作者：0x7F@知道创宇404实验室 时间：2019.02.27 英文版本：https://paper.seebug.org/948/ 0x00 前言 ES 文件浏览器(ES File ..."
"Nday 漏洞从挖掘到利用",2019年02月28日,二进制安全,"作者：Peterpan0927@360 nirvan team 博客：https://peterpan980927.cn use two vul and heap srpay twice 0x0..."
"“BankThief”- 针对波兰和捷克的新型银行钓鱼攻击",2019年03月07日,情报分析,"作者：启明星辰ADLab 公众号：ADLab 1、概述 2019年2月中旬，启明星辰ADLab发现了一款全新的Android银行钓鱼木马，该木马将自身伪装成“Google Play”应用（见图1..."
"AI 繁荣下的隐忧——Google Tensorflow 安全风险剖析",2019年03月07日,经验心得,"作者：[ Tencent Blade Team ] Cradmin 来源：https://security.tencent.com/index.php/blog/msg/130 0x1 大势所趋..."
".NET 高级代码审计（第一课）XmlSerializer 反序列化漏洞",2019年03月06日,经验心得,"原文来自安全客，作者：Ivan1ee@云影实验室 原文链接：https://www.anquanke.com/post/id/172316 相关阅读： 《.NET 高级代码审计（第二课） ..."
"Jenkins RCE分析（CVE-2018-1000861分析）",2019年03月06日,漏洞分析,"作者：Lucifaer 博客：https://www.lucifaer.com 0x01 Jenkins的动态路由解析 web.xml： 可以看到Jenkins将所有的请求交给org.kohs..."
"“水滴”来袭：详解 Binder 内核通杀漏洞",2019年03月06日,漏洞分析,"作者: Hongli Han(@hexb1n) of Qihoo 360 C0RE Team 博客：http://blogs.360.cn/post/Binder_Kernel_Vul_CH.h..."
"红队与理论：Credential Relay 与 EPA",2019年03月11日,经验心得,"作者：n1nty @ 360 A-TEAM 公众号：https://mp.weixin.qq.com/s/hACLQ4UgdFXDdlB4CKKhXg 近期，因各种相关的漏洞与攻击方案，大家又开..."
".NET 高级代码审计（第二课） Json.Net 反序列化漏洞",2019年03月11日,经验心得,"原文来自安全客，作者：Ivan1ee@360云影实验室 原文链接：https://www.anquanke.com/post/id/172920 相关阅读： 《.NET 高级代码审计（第一..."
"AFL 漏洞挖掘技术漫谈（二）：Fuzz 结果分析和代码覆盖率",2019年03月11日,二进制安全,"作者：天融信阿尔法实验室 公众号：https://mp.weixin.qq.com/s/WMfCNN095-PpM0VB_pRESg 一、前言 阿尔法实验在上一篇文章中向大家介绍了使用AFL开始..."
"AFL 漏洞挖掘技术漫谈（一）：用 AFL 开始你的第一次 Fuzzing",2019年03月11日,二进制安全,"作者：天融信阿尔法实验室 公众号：https://mp.weixin.qq.com/s/G7l5wBB7oKjXCDGtjuxYTQ 一、前言 模糊测试（Fuzzing）技术作为漏洞挖掘最有效的..."
警惕：黑客利用“流浪地球票房红包”在微信中传播恶意诈骗广告,2019年03月11日,情报分析,"作者：启明星辰ADLab 公众号：ADLab 一、事件简介 近期，启明星辰ADLab收到客户反馈：在使用微信的过程中疑似出现“中毒”现象，用户在群聊中收到“微信语音”，点开后却提示领取“流浪地..."
.NET高级代码审计（第三课）Fastjson反序列化漏洞,2019年03月13日,经验心得,"原文来自安全客，作者：Ivan1ee@360云影实验室 原文链接：https://www.anquanke.com/post/id/173151 相关阅读： 《.NET 高级代码审计（第一课）..."
"EOS 新型攻击手法之 hard_fail 状态攻击",2019年03月12日,区块链,"作者：yudan@慢雾安全团队 公众号：慢雾科技 相关阅读： EOS 回滚攻击手法分析之黑名单篇 EOS 回滚攻击手法分析之重放篇 前言 昨日（2019年3月10日）凌晨，EOS游戏 V..."
"48 小时逃逸 Virtualbox 虚拟机——记一次 CTF 中的 0day 之旅",2019年03月12日,CTF,"作者：@flyyy 长亭科技安全研究员，曾获得GeekPwn 2018“最佳技术奖”，入选极棒名人堂。 来源：长亭技术专栏 35C3CTF中niklasb出了一道关于virtualbox逃逸的0..."
"PHP7 和 PHP5 在安全上的区别",2019年03月12日,经验心得,"作者：温酒 来源：Freebuf 前言 之前测试的时候发现很多菜刀的马都不能用了，大马也几乎3/4不能正常在php7运行。网上百度也没有找到太多相关性的文章，就自己总结测试了一下关于安全性上的区..."
写在98篇漏洞分析之后,2019年03月12日,漏洞分析经验心得,"作者：k0shl 博客：https://whereisk0shl.top/post/2019-03-09 写在前面 今天结束了最后一篇漏洞分析的分享，意味着我在15-16年分析的98篇漏洞分析全..."
"聊聊 WordPress 5.1.1 CSRF to RCE 漏洞",2019年03月14日,漏洞分析404专栏,"作者：LoRexxar'@知道创宇404实验室 时间：2019年3月14日 英文版本：https://paper.seebug.org/936/ 2019年3月13日， RIPS团队公开了一篇关..."
"EOS 假充值(hard_fail 状态攻击)红色预警细节披露与修复方案",2019年03月14日,情报分析,"作者：慢雾安全团队 公众号：慢雾科技 披露时间线 2019 年 3 月 10 日，我们捕获了 EOS DApp 上的一种新型攻击手法，一个帐号名为 fortherest12 的攻击者通过 har..."
"旧树开新花——再谈 GitHub 监控",2019年03月14日,经验心得,"作者：[Tencent Blade Team] 彦修 公众号：腾讯安全应急响应中心 本文不涉及常见的基于代码关键字匹配的GitHub监控。而是从GitHub的账户出发，通过人的关系来获得一些代码..."
"Attack Spring Boot Actuator via jolokia Part 2",2019年03月14日,漏洞分析,"作者：Lucifaer 博客：https://www.lucifaer.com 本文接上文，这里不会分析原文章中所说的/env这种利用的方法，而是说一下rr大佬的发现的另外一条利用链。 0x..."
"Attack Spring Boot Actuator via jolokia Part 1",2019年03月14日,漏洞分析,"作者：Lucifaer 博客：https://www.lucifaer.com 前段时间看到twitter上有国外的研究人员Exploiting Spring Boot Actuators这篇文..."
"NAVEX->Precise and Scalable Exploit Generation for Dynamic Web Applications",2019年03月18日,经验心得,"出处：27th USENIX Security Symposium 作者：Abeer Alhuzali, Rigel Gjomemo, Birhanu Eshete, and V.N. 单位：V..."
"WordPress-5.1.1-CSRF-To-RCE 安全事件详析",2019年03月18日,漏洞分析,"作者：天融信阿尔法实验室 公众号：https://mp.weixin.qq.com/s/jvVZlqdxNLhIB3N6IP4btw 概述 1.1 前言 2019年3月13号，RIPS又放了..."
"pocsuite3 开源发布",2019年03月15日,安全工具&安全开发,"项目地址：https://github.com/knownsec/pocsuite3 法律免责声明 事先未经双方同意，使用pocsuite攻击目标是非法的。 pocsuite仅用于安全测试目的。..."
"关于 CVE-2019-0808 内核提权漏洞的成因分析",2019年03月15日,漏洞分析,"作者：成都应急响应中心-360核心安全 博客：http://blogs.360.cn/post/RootCause_CVE-2019-0808_CH.html 2019年3月微软发布的补丁修复了..."
"A Wormable XSS on HackMD!",2019年03月15日,漏洞分析,"作者：Orange Tsai 博客：https://blog.orange.tw/2019/03/a-wormable-xss-on-hackmd.html 在 Web Security 中，我..."
"Spotless Sandboxes->Evading Malware Analysis Systems using Wear-and-Tear Artifacts",2019年03月20日,经验心得,"出处：2017 IEEE Symposium on Security and Privacy (SP) 作者：Najmeh Miramirkhani, Mahathi Priya Appini,..."
"探究 PHP 中的 Mkdir 函数",2019年03月20日,经验心得,"作者：天融信阿尔法实验室 公众号：https://mp.weixin.qq.com/s/NRNnhmtOVuIKxfKar5ydXw 一、起因 在复现分析Wordpress-5.0.0 RCE ..."
"CVE-2019-5786 Chrome 远程代码执行漏洞分析",2019年03月20日,漏洞分析,"作者：腾讯湛泸实验室 来源：https://weibo.com/ttarticle/p/show?id=2309404351596157885398 0x00 背景 近期谷歌威胁分析团队（Goo..."
"Ghidra 从 XXE 到 RCE",2019年03月19日,漏洞分析,"作者：腾讯安全玄武实验室 tomato, salt 博客：https://xlab.tencent.com/cn/2019/03/18/ghidra-from-xxe-to-rce/ 0x00 ..."
"From http:// domain to res:// domain xss by using IE Adobe's PDF ActiveX plugin (CVE-2019-8160)",2019年03月19日,"漏洞分析404 English Paper","Author: Heige(a.k.a Superhei) of KnownSec 404 Team Date: 03/19/2019 1 res://apds.dll/redirect.h..."
"ZoomEye 网络空间测绘——委内瑞拉停电事件对其网络关键基础设施和重要信息系统影响",2019年03月27日,情报分析IoT安全404专栏,"作者：知道创宇404实验室 时间：2019年3月21日 ZoomEye 专题：https://www.zoomeye.org/topic?id=ZoomEye-series-report PDF..."
"一行代码逃逸 Safari 沙箱",2019年03月26日,漏洞分析,"作者：CodeColorist 微博：https://weibo.com/ttarticle/p/show?id=2309404354112320866984#_0 10.13.6 和更早版本的..."
以攻促防：企业蓝军建设思考,2019年03月26日,经验心得,"作者：[TSRC &amp; 腾讯蓝军] Mark4z5(小五) 公众号：https://mp.weixin.qq.com/s/8iJs2ON66NY1Jdbt7c-BTA 一. 高悬的达摩克利..."
"PHP 内核层解析反序列化漏洞",2019年03月26日,Web安全,"作者：天融信阿尔法实验室 公众号：https://mp.weixin.qq.com/s/RL8_kDoHcZoED1G_BBxlWw 前言 在学习PHP的过程中发现有些PHP特性的东西不好理解，..."
".NET高级代码审计（第四课） JavaScriptSerializer 反序列化漏洞",2019年03月20日,漏洞分析,"原文来自安全客，作者：Ivan1ee@360云影实验室 原文链接：https://www.anquanke.com/post/id/173652 相关阅读： 《.NET 高级代码审计（第一课）..."
"Windows Kernel Exploit Part 3",2019年04月02日,二进制安全,"作者: wjllz 来源：先知安全技术社区 前言 DDCTF的学习在我github上面更新完了那个库, 由于我之前做过整数溢出的学习, 加上做第二题的时候已经知道这是一个整数溢出的漏洞, a..."
"Windows Kernel Exploit Part 2",2019年04月01日,二进制安全,"作者: wjllz 博客链接: https://www.redog.me/2018/11/02/windows-kernel-exploit-part-2/ 前言 Hello, 欢迎来到wind..."
"Windows Kernel Exploit Part 1",2019年04月01日,二进制安全,"作者: wjllz 博客链接: https://www.redog.me/2018/11/02/windows-kernel-exploit-part-1/ 前言 Hello, 欢迎来到wind..."
"Zoomeye Cyberspace Mapping——Impact of 2019 Venezuelan Blackouts on Its Network Critical Infrastructure and Important Information Systems",2019年04月01日,"IoT安全404 English Paper","Author: Knownsec 404 Team ZoomEye Topic: https://www.zoomeye.org/topic?id=ZoomEye-series-report-V..."
"WebAssembly 高危漏洞影响 Edge 和 Safari 浏览器",2019年03月27日,漏洞分析,"作者：启明星辰ADLab 公众号：https://mp.weixin.qq.com/s/eowDUm2xmpXYK5w1mdD8JA 漏洞概述 2018年10月，启明星辰ADLab发现浏览器We..."
"重现 TP-Link SR20 本地网络远程代码执行漏洞",2019年04月02日,漏洞分析IoT安全404专栏,"作者：xax007@知道创宇404 ScanV 安全服务团队 作者博客：https://xax007.github.io 简述 3月26号 Google 安全开发人员 Matthew Garre..."
"Windows Kernel Exploit Part 7",2019年04月02日,二进制安全,"作者：wjllz 来源：先知安全技术社区 前言 Hello, 这是windows kernelexploit的第七篇, 也是这个阶段性的最后一篇. 接下来我想做一些挖洞的工作. 所以可能分析性..."
"Windows Kernel Exploit Part 6",2019年04月02日,二进制安全,"作者：wjllz 来源：先知安全技术社区 前言 Hello, 欢迎来到windows-kernel-exploit第六篇, 这是从windows 7撸到windows 10的下篇, 这一篇我们主..."
"Windows Kernel Exploit Part 5",2019年04月02日,二进制安全,"作者：wjllz 来源：先知安全技术社区 前言 Hello, 欢迎来到windows kernel explot第五篇. 在这一部分我们会讲述从windows 7到windows的各主流版本的利..."
"Windows Kernel Exploit Part 4",2019年04月02日,二进制安全,"作者：wjllz 来源：先知安全技术社区 前言 Hello, 欢迎来到windows kernel exploit第四篇, 这篇文章主要讲述在对MS-16-0198的利用当中进行的一次爬坑, 以..."
"Confluence 未授权 RCE (CVE-2019-3396) 漏洞分析",2019年04月08日,漏洞分析404专栏,"作者：Badcode@知道创宇404实验室 时间：2019年4月8日 English Version: https://paper.seebug.org/886/ 看到官方发布了预警，于是开始了..."
"关于 Microsoft Edge 和 IE 浏览器同源策略绕过漏洞分析",2019年04月04日,漏洞分析,"作者：天融信阿尔法实验室 公众号：https://mp.weixin.qq.com/s/ezs56qtTEzFUQKDW1a0_XQ 一、前言 最近爆出了IE浏览器和Edge浏览器跨域获取敏感信..."
".NET高级代码审计（第六课） DataContractSerializer反序列化漏洞",2019年04月04日,漏洞分析,"原文来自安全客，作者：Ivan1ee@360云影实验室 原文链接：https://www.anquanke.com/post/id/175796 相关阅读： 《.NET 高级代码审计（第一..."
".NET高级代码审计（第五课） .NET Remoting反序列化漏洞",2019年04月04日,漏洞分析,"原文来自安全客，作者：Ivan1ee@360云影实验室 原文链接：https://www.anquanke.com/post/id/174009 相关阅读： 《.NET 高级代码审计（第一..."
"XNU: Reference Count Leak in POSIX Shared Memory Object",2019年04月02日,经验心得,"Author: Zhuo Liang Background XNU supports Shared Memory for inter process communication. The ker..."
"Apache 提权漏洞(CVE-2019-0211)复现",2019年04月12日,漏洞分析404专栏,"作者：Hcamael@知道创宇404实验室 时间：2019年4月12日 英文版本：https://paper.seebug.org/928/ 本月Apache被公布了一个提权的漏洞，并且前天..."
"关于 ThinkPHP 5.1 框架结合 RCE 漏洞的深入分析",2019年04月10日,漏洞分析,"作者：天融信阿尔法实验室 公众号：https://mp.weixin.qq.com/s/kwp5uxom7Amrj6S_-g8r4Q 前言 在前几个月，Thinkphp连续爆发了多个严重漏洞。由..."
"使用 IDA Pro 的 REobjc 模块逆向 Objective-C 二进制文件",2019年04月10日,二进制安全,"作者：PtGiraffe@银河安全实验室 公众号：https://mp.weixin.qq.com/s/p81UG0BKGhAeHjBuEhrx-g 最近，在使用IDA Pro研究iOS应用的过..."
"Confluence Unauthorized RCE Vulnerability (CVE-2019-3396) Analysis",2019年04月10日,"漏洞分析404 English Paper","Author: Badcode@Knownsec 404 Team Chinese Version: https://paper.seebug.org/884/ On March 20, 201..."
"CVE-2019-0211：Apache HTTP 服务组件提权漏洞分析",2019年04月10日,漏洞分析,"作者：360CERT 来源：https://cert.360.cn/report/detail?id=c31f9dff7258479f8ef7f03e56ea70d3 0x00 介绍 从2.4...."
2018年我国互联网网络安全态势报告,2019年04月18日,专题报告,"作者：国家互联网应急中心CNCERT 公众号：https://mp.weixin.qq.com/s/-p7Uf9vdoJPTgKVAEPpbYA 当前，网络安全威胁日益突出，网络安全风险不断向政..."
"Confluence 未授权 RCE 分析（CVE-2019-3396）",2019年04月17日,漏洞分析,"作者：lucifaer 博客：https://www.lucifaer.com/ 这个漏洞本来是上周一就分析完了，但是高版本无法造成rce这个问题着实困扰了我很久，在得出了一定的结论后才写完了这..."
数据分析与可视化：谁是安全圈的吃鸡第一人,2019年04月15日,经验心得,"作者：Omegogogo 来源：Freebuf 0×00 前言 放假和小伙伴们打了几把PUBG，大半年没碰，居然也意外地躺着吃了次鸡。吃鸡这个游戏果然得4个认识的人打(dai)战(dai)术(w..."
.NET高级代码审计（第八课）SoapFormatter反序列化漏洞,2019年04月15日,漏洞分析,"原文来自安全客，作者：Ivan1ee@360云影实验室 原文链接：https://www.anquanke.com/post/id/176499 相关阅读： 《.NET 高级代码审计（第一..."
".NET高级代码审计（第七课） NetDataContractSerializer反序列化漏洞",2019年04月15日,漏洞分析,"原文来自安全客，作者：Ivan1ee@360云影实验室 原文链接：https://www.anquanke.com/post/id/176226 相关阅读： 《.NET 高级代码审计（第一..."
".NET高级代码审计（第九课） BinaryFormatter反序列化漏洞",2019年04月24日,漏洞分析,"原文来自安全客，作者：Ivan1ee@360云影实验室 原文链接：https://www.anquanke.com/post/id/176519 相关阅读： 《.NET 高级代码审计（第一课）..."
"Weblogic CVE-2019-2647等相关XXE漏洞分析",2019年04月24日,漏洞分析,"作者：廖新喜 公众号：https://mp.weixin.qq.com/s/lU42iaR29n2zI4_v9k1SuA 背景 按照惯例，Oracle发布了4月份的补丁，详情见链接(https:..."
"Drupal 1-click to RCE 分析",2019年04月19日,漏洞分析404专栏,"作者：LoRexxar'@知道创宇404实验室 时间：2019年4月19日 英文版本：https://paper.seebug.org/927/ 2019年4月11日，zdi博客公开了一篇A S..."
"Confluence 路径穿越漏洞分析（CVE-2019-3398）",2019年04月19日,漏洞分析,"作者：Lucifaer 博客：https://www.lucifaer.com/ 0x01 漏洞概述 Confluence Server and Data Center had a path ..."
"冲突的公链！来自 P2P 协议的异形攻击漏洞",2019年04月18日,区块链,"作者：慢雾安全团队 公众号：慢雾科技 当我们谈论区块链时，总是离不开这些技术：分布式存储、P2P 网络和共识机制，本次我们要谈的问题就是出现在 P2P 对等网络协议上。 异形攻击实际上是一个所有..."
如何打造自己的PoC框架-Pocsuite3-使用篇,2019年04月25日,安全工具&安全开发404专栏,"作者：w7ay@知道创宇404实验室 English version: https://paper.seebug.org/905/ 相比于无聊的用法介绍，我更想说一下Pocsuite3为什么会有..."
"ZoomEye Report: Global Detection and Analysis of Amplified Reflection DDoS Attacks",2019年04月24日,"专题报告404 English Paper","Author: Knownsec 404 Team ZoomEye Topic: https://www.zoomeye.org/topic?id=Global-Detection-and-An..."
"【ZoomEye专题报告】DDoS 反射放大攻击全球探测分析",2019年04月24日,404专栏专题报告,"作者：知道创宇404实验室 ZoomEye专题：https://www.zoomeye.org/topic?id=Global-Detection-and-Analysis-of-Amplifi..."
".NET高级代码审计（第十课） ObjectStateFormatter反序列化漏洞",2019年04月24日,漏洞分析,"原文来自安全客，作者：Ivan1ee@360云影实验室 原文链接：https://www.anquanke.com/post/id/176664 相关阅读： 《.NET 高级代码审计（第一课）..."
".NET高级代码审计（第十一课） LosFormatter反序列化漏洞",2019年04月24日,漏洞分析,"原文来自安全客，作者：Ivan1ee@360云影实验室 原文链接：https://www.anquanke.com/post/id/176786 相关阅读： 《.NET 高级代码审计（第一课）..."
"WebLogic RCE (CVE-2019-2725) Debug Diary",2019年05月01日,"漏洞分析404 English Paper","Author: Badcode@Knownsec 404 Team Chinese version: https://paper.seebug.org/909/ 17 April On Apri..."
"WebLogic RCE(CVE-2019-2725)漏洞之旅",2019年05月01日,漏洞分析404专栏,"作者：Badcode@知道创宇404实验室 时间：2019年4月30日 English version: https://paper.seebug.org/910/ 417 2019年4月17日..."
"WebLogic CVE-2019-2647, CVE-2019-2648, CVE-2019-2649, CVE-2019-2650 XXE Vulnerability Analysis",2019年04月30日,"漏洞分析404 English Paper","Author：Longofo@Knownsec 404 Team Chinese version: https://paper.seebug.org/906/ Oracle released a..."
"WebLogic CVE-2019-2647、CVE-2019-2648、CVE-2019-2649、CVE-2019-2650 XXE漏洞分析",2019年04月29日,漏洞分析404专栏,"作者：Longofo@知道创宇404实验室 时间：2019年4月26日 Oracle发布了4月份的补丁，详情见链接(https://www.oracle.com/technetwork/secu..."
"How to build your own PoC framework - the use of Pocsuite3",2019年04月25日,"安全工具&安全开发404 English Paper","Author: w7ay@Knownsec 404 Team Chinese version: https://paper.seebug.org/904/ In this paper, I‘d ..."
"How to build your own PoC framework - part 2",2019年05月06日,"安全工具&安全开发404 English Paper","Author: w7ay@Knownsec 404 Team Chinese version: https://paper.seebug.org/913/ Related reading: Ho..."
如何打造自己的PoC框架-Pocsuite3-框架篇,2019年05月06日,安全工具&安全开发404专栏,"作者：w7ay@知道创宇404实验室 English version: https://paper.seebug.org/914/ 相关阅读：如何打造自己的PoC框架-Pocsuite3-使用篇..."
工控十大网络攻击武器分析报告,2019年05月06日,专题报告,"作者：启明星辰ADLab 公众号：https://mp.weixin.qq.com/s/kdAANvtQfotv-HqBFtCVPw 1.工控安全现状 工控即工业控制系统是水力、电力、石油化工、..."
“侠盗”勒索病毒V5.3新变种全面剖析,2019年05月05日,情报分析,"作者：启明星辰ADLab 公众号：https://mp.weixin.qq.com/s/2KVWemeMrFIkzIH7b-FtFg 1、概 述 近日，启明星辰ADLab捕获到了“侠盗”病毒最新..."
"Apache HTTP组件提权漏洞利用过程深度分析",2019年05月05日,漏洞分析,"作者：天融信阿尔法实验室 公众号：https://mp.weixin.qq.com/s/9OtUdzoC9BHzoOxA7IES8A 前段时间Apache HTTP 被发现存在本地提权漏洞（CV..."
"WordPress Social Warfare插件远程命令执行漏洞分析",2019年05月10日,漏洞分析,"作者：天融信阿尔法实验室 公众号：https://mp.weixin.qq.com/s/jqdXGIG9SRKniI_2ZhKNJQ 一、背景介绍 social-warfare是一款 WordP..."
"2600 万 TRX 被盗背后的罗生门 - 第二集",2019年05月08日,区块链,"作者： DappReview 公众号：https://mp.weixin.qq.com/s/9Cl6-ZmAi-U3Qi6cPVZJxQ 系列阅读：https://paper.seebug.or..."
"2600 万 TRX 被盗背后的罗生门",2019年05月08日,区块链,"作者：DappReview 公众号：https://mp.weixin.qq.com/s/aInEaYdS9X7HP7FbzWl6AQ 系列阅读：https://paper.seebug.org..."
XMLDecoder解析流程分析,2019年05月07日,漏洞分析,"作者：fnmsd 来源：https://blog.csdn.net/fnmsd/article/details/89889144 前言 经过了Weblogic的几个XMLDecoder相关的CV..."
"EOS REX 系列之从源码开始玩转 REX(一)",2019年05月07日,区块链,"作者：慢雾安全团队 公众号：https://mp.weixin.qq.com/s/jCWFbjphB6lRE55ANxpBsA 前言 伴随着 REX 提案终于被 BP 们投票通过，炒了半年概念的..."
"Something about vulnerability detection",2019年05月16日,"404 English Paper","Author：RickGray@Knownsec 404 Team Chinese Version: https://paper.seebug.org/9/ Now there is a phe..."
"RFI 绕过 URL 包含限制 getshell",2019年05月15日,经验心得,"作者：Ethan 本文为作者投稿，Seebug Paper 期待你的分享，凡经采用即有礼品相送！ 投稿邮箱：paper@seebug.org 前言 为什么有今天这篇文章？原因是我在浏览Twitt..."
"EOS REX 安全系列之从源码开始玩转 REX(二)",2019年05月14日,区块链,"作者：慢雾安全团队 公众号：https://mp.weixin.qq.com/s/epaClx3Z08cEUGy6CpuvNA 系列阅读：EOS REX 系列之从源码开始玩转 REX(一) 前言..."
"2018 年网站攻击态势及“攻击团伙”挖掘分析报告",2019年05月13日,专题报告,"作者：国家互联网应急中心CNCERT 公众号：https://mp.weixin.qq.com/s/DPGnInVDCAEbH6jlRd4vbQ 前言 国家互联网应急中心（以下简称CNCERT/..."
"IO FILE 之 fopen 详解",2019年05月13日,经验心得,"原文来自安全客，作者：raycp 原文链接：https://www.anquanke.com/post/id/177910 前言 最近打算详细整理下IO FILE相关的笔记，不少地方都是知道个大..."
"Analysis of Apache Solr DataImportHandler Remote Code Execution Vulnerability (CVE-2019-0193)",2019年08月12日,"漏洞分析404 English Paper","Author：Longofo@Knownsec 404 Team Time: August 8, 2019 Chinese Version: https://paper.seeb..."
"对某单位的 APT 攻击样本分析",2019年08月12日,情报分析404专栏,"作者：SungLin@知道创宇404实验室 时间：2019年7月30日 一．恶意邮件样本的信息与背景 在六月份的某单位HW行动中，知道创宇HW安全团队通过创宇云图APT威胁感知系统并结合腾讯..."
"Apache Solr DataImportHandler 远程代码执行漏洞(CVE-2019-0193) 分析",2019年08月09日,漏洞分析404专栏,"作者：Longofo@知道创宇404实验室 时间：2019年8月8日 英文版本: https://paper.seebug.org/1010/ 漏洞概述 2019年08月..."
"A Brief Analysis of KDE4/5 Code Execution(CVE-2019-14744)",2019年08月09日,"漏洞分析404 English Paper","Author: HACHp1@Knownsec 404 Team Date: August 09, 2019 Chinese Version: https://paper.seebug.org/..."
"ATT&CK 之后门持久化",2019年08月09日,经验心得,"作者：天融信阿尔法实验室 公众号：https://mp.weixin.qq.com/s/SavldFETaFea3l7kVX2RyA 前言 在网络安全的世界里，白帽子与黑帽子之间无时无刻都在进行..."
"分析 Curl-P 以及攻击 IOTA 加密货币",2019年08月16日,漏洞分析404专栏,"作者：Ethan Heilman, Neha Narula, Garrett Tanzer, James Lovejoy, Michael Colavita, Madars Virza, and..."
"Adobe Acrobat Reader getUIPerms/ setUIPerms Unicode String Out-of-bound Read",2019年08月14日,漏洞分析,"作者：o0xmuhe 来源：Adobe Acrobat Reader getUIPerms/setUIPerms Unicode String Out-of-bound Read Unicod..."
"ss 源代码调试 & 原理分析",2019年08月13日,二进制安全,"作者：spoock 来源：https://blog.spoock.com/2019/07/06/ss-learn/ 源代码调试 ss是位于iproute2这个库中，可以从iproute..."
门罗币（XMR）锁定转账攻击细节分析,2019年08月13日,区块链,"作者：ISME@慢雾安全团队 公众号：慢雾科技 近日据慢雾区情报显示，针对门罗币（XMR）转账锁定攻击在多个交易所出现，慢雾安全团队在收到情报第一时间进行分析跟进，本..."
"WebLogic 安全研究报告",2019年08月13日,Web安全,"作者： 图南,r00t4dm @奇安信A-TEAM 公众号： 奇安信 CERT 可能是你能找到的最详细的WebLogic安全相关中文文档 序 从我还未涉足安全领域起，就知道WebLogic的..."
腾讯安全：2019上半年企业安全总结,2019年08月26日,专题报告,"作者：腾讯安全御见威胁情报中心 来源：腾讯安全：2019上半年企业安全总结 一、前言 2019年6月，多家媒体报道，美国总统特朗普允许网络司令部对伊朗的火箭及导弹发射..."
"Backdoor Exploration of Webmin Remote Code Execution Vulnerabilities (CVE-2019-15107)",2019年08月23日,"漏洞分析404 English Paper","Author：Ethan@Knownsec 404 Team Time: August 21, 2019 Chinese Version: https://pape..."
"Webmin(CVE-2019-15107) 远程代码执行漏洞之 backdoor 探究",2019年08月21日,漏洞分析404专栏,"作者：Ethan@知道创宇404实验室 时间：2019年8月21日 英文版本: https://paper.seebug.org/1020/ 漏洞概述 Webmin是一个基..."
"漏洞扫描技巧篇 [Web 漏洞扫描器]",2019年08月21日,漏洞分析,"作者：fate0 来源：小米安全中心 相关阅读： 《爬虫基础篇[Web 漏洞扫描器]》 《爬虫 JavaScript 篇[Web 漏洞扫描器]》 《爬虫调度篇..."
"Advantech WebAccess 多个漏洞分析",2019年08月20日,漏洞分析,"作者：启明星辰ADLab 文章来源：Advantech WebAccess多个漏洞分析 Advantech WebAccess是研华科技开发的完全基于IE浏览器的HMI/SCADA监控软件，其最..."
"Confluence 文件读取漏洞(CVE-2019-3394)分析",2019年08月30日,漏洞分析404专栏,"作者: Badcode@知道创宇404实验室 日期: 2019/08/29 英文版本: https://paper.seebug.org/1026/ 前言 下午 @f..."
针对某区块链数字加密币交易平台的定向攻击,2019年08月30日,情报分析,"作者：腾讯安全御见威胁情报中心 来源：https://mp.weixin.qq.com/s/F7A9hxucQS-82VcE7xCVmg 腾讯安全御见威胁情报中心捕获到一起针对某大型数字加密币交..."
"Analysis of Exim Off-by-one Vulnerability Recurrence  (CVE-2018-6789)",2019年08月29日,"漏洞分析404 English Paper","Author：Hcamael@Knownsec 404 Team Chinese Version: https://paper.seebug.org/557/ Not too l..."
"干货！KCon 2019 议题 PPT 公开",2019年08月29日,经验心得,"2019 KCon 黑客大会在经过首日高质量的闭门培训，以及为期两天的精彩议题分享后，已于8月25日圆满落幕。 应各位参会者的要求，并通过会务组与演讲者沟通取得同意后，现在将公布18大议题中的1..."
"利用 ssh 隧道反弹 shell",2019年08月28日,二进制安全,"作者：spoock 来源：https://blog.spoock.com/2019/08/11/rssh/ 1 说明 本文旨在分析rssh的源代码来学习利用ssh隧道来反弹shell...."
"2019 HITB GSEC 新加坡大会议题 PPT",2019年09月09日,经验心得,"8月26日至8月30日，以其前沿技术谈话会和计算机安全培训而闻名的 Hack In The Box (HITB)，在新加坡举行其第五届年度 GSEC 安全大会（https://gsec.hitb..."
区块链安全入门笔记（系列1-10完整版）,2019年09月06日,区块链,"作者：慢雾安全团队 虽然有着越来越多的人参与到区块链的行业之中，然而由于很多人之前并没有接触过区块链，也没有相关的安全知识，安全意识薄弱，这就很容易让攻击者们有空可钻。面对区块链的众多安全问题..."
"Follow-Up of Exim UAF Vulnerability Analysis (CVE-2017-16943)",2019年09月04日,"漏洞分析404 English Paper","Author: Hcamael@Knownsec 404 Team Chinese Version: https://paper.seebug.org/479/ ..."
"Exim UAF Vulnerability Analysis (CVE-2017-16943)",2019年09月03日,"404 English Paper","Author: Hcamael@Knownsec 404 Team Chinese Version: https://paper.seebug.org/469/ ..."
"Confluence Local File Disclosure Vulnerability Analysis (CVE-2019-3394)",2019年08月30日,"漏洞分析404 English Paper","Author: Badcode@Knownsec 404 Team Date: 2019/08/29 Chinese Version: https://paper.see..."
"D-Link DIR-816 A2路由器安全研究分享",2019年09月19日,IoT安全,"作者：小黑猪@平安银河安全实验室 公众号：https://mp.weixin.qq.com/s/rT53P9EW4xLFV9JLbnLroQ 1. 设备基础信息 设备硬件: D-Link 816..."
"BlueKeep 漏洞利用分析",2019年09月18日,漏洞分析404专栏,"作者：SungLin@知道创宇404实验室 时间：2019年9月18日 0x00 信道的创建、连接与释放 通道的数据包定义在MCS Connect Inittial PDU with GCC..."
"Java 反序列化工具 gadgetinspector 初窥",2019年09月17日,安全工具&安全开发404专栏,"作者：Longofo@知道创宇404实验室 时间：2019年9月4日 英文版：https://paper.seebug.org/1046/ 起因 一开始是听@B..."
"深入分析 Adobe 忽略了 6 年的 PDF 漏洞",2019年09月16日,漏洞分析,"作者：Ke Liu @ 腾讯玄武实验室 来源：https://xlab.tencent.com/cn/2019/09/12/deep-analysis-of-cve-2019-8014..."
"When GC Triggers Callback",2019年09月11日,二进制安全,"Author: Yuki Chen @ Qihoo 360 Vulcan Team Date: 2019/09/11 Source: https://mp...."
"浅谈 RASP",2019年09月25日,Web安全,"作者：Lucifaer 作者博客：https://lucifaer.com/2019/09/25/%E6%B5%85%E8%B0%88RASP/ 本篇将近一个月对rasp的研究成果进行汇总，具体..."
"Thinkphp 反序列化利用链深入分析",2019年09月23日,Web安全404专栏,"作者：Ethan@知道创宇404实验室 时间：2019年9月21日 前言 今年7月份，ThinkPHP 5.1.x爆出来了一个反序列化漏洞。之前没有分析过关于ThinkPHP的反序列化漏洞。今天..."
"CVE-2019-1663 Cisco 的多个低端设备的堆栈缓冲区溢出漏洞分析",2019年09月21日,IoT安全,"作者：0431实验室 公众号：吉林省信睿网络 0x01.漏洞概述 1.简介 CVE-2019-1663是一个影响Cisco的多个低端设备的堆栈缓冲区，由于管理界面没有对登录表单的pwd字段进行严..."
"BlueKeep Exploit Analysis",2019年09月20日,"漏洞分析404 English Paper","Author：SungLin @ Knownsec 404 Team Date：2019/09/18 Chinese Version: https://paper.seebug.org/1035..."
"使用 Ghidra 对 iOS 应用进行 msgSend 分析",2019年09月20日,移动安全,"作者：姜若芾@平安银河安全实验室 公众号：https://mp.weixin.qq.com/s/zluEXsK3PkwnnoHyyCHQkg 背景 之前在《使用IDA Pro的REobjc模块逆..."
"Java Deserialization Tool Gadgetinspector First Glimpse",2019年09月30日,"安全工具&安全开发404 English Paper","Author：Longofo@Knownsec 404 Team Time: September 4, 2019 Chinese version: https://paper.seebug.o..."
物联网安全从入门到入坑,2019年09月29日,IoT安全,"作者：0431实验室 公众号：吉林省信睿网络 物联网安全–第1部分（101-物联网简介和架构） 对于安全研究人员而言，每一种新的复杂技术都存在的问题是，不知道从哪里开始以及如何/在哪里进行攻..."
"PhpStudy 后门分析",2019年09月26日,情报分析404专栏,"作者：Hcamael@知道创宇404实验室 时间：2019年9月26日 背景介绍 2019/09/20，一则杭州警方通报打击涉网违法犯罪专项行动战果的新闻出现在我的朋友圈，其中通报了警方发现Ph..."
"RDP 登录日志取证与清除",2019年09月26日,经验心得,"作者：whoam1 本文为作者投稿，Seebug Paper 期待你的分享，凡经采用即有礼品相送！ 投稿邮箱：paper@seebug.org 本文以server08为例，示例脚本以powers..."
"随机数之殇——EOS 新型随机数攻击手法细节分析",2019年09月25日,区块链,"作者：yudan@慢雾安全团队 &amp; Jerry@EOS Live 钱包 公众号：慢雾科技 本篇攻击手法技术分析基于 EOS 1.8 以前版本，在新版本中未做测试。 0x01 事件回顾 根..."
"Examining and exploiting Android vendor binder services:谁偷了我的虚表？",2019年10月12日,移动安全,"作者：Flanker 公众号：Flanker论安全 安卓生态多姿多彩，在AOSP之外各大厂商的binder service也同样各式各样。这些自行实现的service通常来说是闭源的..."
"Galaxy Leapfrogging 盖乐世蛙跳 Pwning the Galaxy S8",2019年10月11日,移动安全,"作者：Flanker 公众号：Galaxy Leapfrogging 盖乐世蛙跳 Pwning the Galaxy S8 在最近的一系列文章中，我会介..."
"Protocol Layer Attack - HTTP Request Smuggling",2019年10月11日,"经验心得404 English Paper","Author：mengchen@Knownsec 404 Team Chinese version: https://paper.seebug.org/1048/ 1. Introduct..."
协议层的攻击——HTTP请求走私,2019年10月10日,经验心得404专栏,"作者：mengchen@知道创宇404实验室 日期：2019年10月10日 English version：https://paper.seebug.org/1049/ 1. 前言 最近在学习研..."
震网事件的九年再复盘与思考,2019年10月08日,经验心得,"作者： 安天CERT 公众号：震网事件的九年再复盘与思考 1、小序 2010年7月，“震网”（Stuxnet）蠕虫攻击事件浮出水面，引发了国际主流安全厂商和..."
"WordPress-WooCommerce 3.6.4 从CSRF 到 RCE",2019年10月16日,漏洞分析,"作者：天融信阿尔法实验室 公众号：https://mp.weixin.qq.com/s/j79MNsy-tnJQGfFg7ROxTw 漏洞简介 WooCommerce是WordPress最受欢迎..."
"ctf 密码学常见算法总结",2019年10月16日,经验心得,"作者：0431实验室 公众号：吉林省信睿网络 一、欧拉函数（phi） 函数内容 通式： 其中p1, p2……pn为x的所有质因数，x是不为0的整数。 φ(1)=1（和1互质的数(小于等于1)就..."
"Suricata 万兆环境部署优化",2019年10月14日,安全工具&安全开发,"作者：al0ne 本文为作者投稿，Seebug Paper 期待你的分享，凡经采用即有礼品相送！ 投稿邮箱：paper@seebug.org 此文章记录了我在18年..."
OneForAll：一款功能强大的子域收集工具,2019年10月12日,安全工具&安全开发,"OneForAll是一款功能强大的子域收集工具 作者：Jing Ling English Document 项目简介 项目主页：https://shmilylty.github.io/OneF..."
"从 Masscan, Zmap 源码分析到开发实践",2019年10月12日,安全工具&安全开发404专栏,"作者：w7ay@知道创宇404实验室 日期：2019年10月12日 Zmap和Masscan都是号称能够快速扫描互联网的扫描器，十一因为无聊，看了下它们的代码实现，发现它们能够快速扫描..."
"硬件学习之通过树莓派操控 jtag",2019年10月25日,经验心得404专栏,"作者：Hcamael@知道创宇404实验室 时间：2019年10月21日 最近在搞路由器的时候，不小心把CFE给刷挂了，然后发现能通过jtag进行救砖，所以就对jtag进行了一波研究。 最开..."
"WhatsApp UAF 漏洞分析（CVE-2019-11932）",2019年10月24日,漏洞分析移动安全404专栏,"作者：SungLin@知道创宇404实验室 时间：2019年10月23日 0x00 新加坡安全研究员Awakened在他的博客中发布了这篇[0]对whatsapp的分析与利用的文章，其工具地址是..."
"RoarCTF2019 Writeup",2019年10月22日,CTF,"作者：楼上请让路战队 时间：2019年10月22日 黄金6年 文件尾部有一段base64，解码为16进制可以看到是一个压缩包 使用pr抽帧 可以看到部分帧中有二维..."
"使用 Ghidra 分析 phpStudy 后门",2019年10月21日,漏洞分析,"作者：lu4nx@知道创宇404积极防御实验室 作者博客：《使用 Ghidra 分析 phpStudy 后门》 这次事件已过去数日，该响应的也都响应了，虽然网上有很多厂商及组织发表了分析文章，但..."
"CVE-2019-14287（Linux sudo 漏洞）分析",2019年10月21日,漏洞分析,"作者：lu4nx@知道创宇404积极防御实验室 作者博客：《CVE-2019-14287（Linux sudo 漏洞）分析》 近日 sudo 被爆光一个漏洞，非授权的特权用户可以绕过限制获得特权..."
"kqueue_workloop_ctl_internal Over Release",2019年10月30日,漏洞分析,"作者： Qixun Zhao(@S0rryMybad) of Qihoo 360 Vulcan Team 原文链接：https://blogs.projectmoon.pw/2019/..."
"iPhone 史诗级漏洞 checkm8 攻击原理浅析",2019年10月29日,漏洞分析移动安全,"作者：Gh0u1L5 本文为作者投稿，Seebug Paper 期待你的分享，凡经采用即有礼品相送！ 投稿邮箱：paper@seebug.org 9月27号，黑客 ani0mX 在..."
"PHP-FPM Remote Code Execution Vulnerability (CVE-2019-11043) Analysis",2019年10月28日,"漏洞分析404 English Paper","Author：LoRexxar'@Knownsec 404 Team Chinese version: https://paper.seebug.org/1063/ In Real Wor..."
"PHP-fpm 远程代码执行漏洞(CVE-2019-11043)分析",2019年10月25日,漏洞分析404专栏,"作者：LoRexxar'@知道创宇404实验室 时间：2019年10月25日 英文版本: https://paper.seebug.org/1064/ 国外安全研究员 ..."
麒麟框架：先进的二进制分析框架,2019年10月25日,安全工具&安全开发,"作者：麒麟框架 项目地址：https://qilingframework.github.io/www_zh/ 微博:https://weibo.com/sgniwx?is_a..."
"从两款开源工具学习 Java_Instrumentation 技术",2019年11月04日,安全工具&安全开发,"作者：Litch1@Dubhe 本文为作者投稿，Seebug Paper 期待你的分享，凡经采用即有礼品相送！ 投稿邮箱：paper@seebug.org 最近..."
"只是想学习外语，却被拿了system shell？",2019年11月04日,漏洞分析,"作者： Flanker 公众号：Flanker论安全 Text-To-Speech多国语言翻译引擎引擎是Android系统的标配，上溯到Android 1.5 HTC时代就已经存..."
"WebLogic 反序列化漏洞(CVE-2019-2890)分析",2019年11月01日,漏洞分析,"作者：Lemon@平安银河安全实验室 公众号：WebLogic 反序列化漏洞(CVE-2019-2890)分析 漏洞简介 2019年10月16日，WebLogic官方发布了安全补丁公告，修复了包..."
"WebLogic EJBTaglibDescriptor XXE Vulnerability Analysis(CVE-2019-2888)",2019年10月31日,"漏洞分析404 English Paper","Author：Longofo@Knownsec 404 Team Time: October 16, 2019 Chinese version: https://paper.seebug.o..."
"WebLogic EJBTaglibDescriptor XXE漏洞(CVE-2019-2888)分析",2019年10月30日,漏洞分析404专栏,"作者：Longofo@知道创宇404实验室 时间：2019年10月16日 英文版本：https://paper.seebug.org/1068/ 这个漏洞和之前@Matthias ..."
避免“剁手”假货？区块链链上链下数据协同分析,2019年11月14日,区块链,"作者：启明星辰ADLab 公众号：https://mp.weixin.qq.com/s/W42B0oVm1NAR2FZpNaKPvw 2019年10月24日，中共中央政治局就区块链技术发展现状和..."
Java框架级SSM代码审计思路,2019年11月13日,Web安全,"作者：天融信阿尔法实验室 公众号：Java框架级SSM代码审计思路 1 SSM框架简介 SSM框架，即SpringMVC+Spring+Mybatis三个开源框架整合在一起的缩写。 在SSM..."
通过RDP反向攻击mstsc,2019年11月08日,二进制安全,"作者: 1u0m@WoodSec 本文为作者投稿，Seebug Paper 期待你的分享，凡经采用即有礼品相送！ 投稿邮箱：paper@seebug.org 0x00 起因 在一次项目过程中遇到..."
针对制药行业及政企的黑客组织最新攻击活动深度分析,2019年11月08日,情报分析,"作者：启明星辰ADLab 公众号：https://mp.weixin.qq.com/s/YQxdiwAQA1qKzdP3-6xYBw 一 概述 近期，启明星辰ADLab发现大量使用高危漏洞CVE..."
区块链智能合约控制流识别的大规模实验研究,2019年11月04日,区块链,"作者：启明星辰ADLab 公众号：区块链智能合约控制流识别的大规模实验研究 一、 背景介绍 启明星辰ADLab联合电子科技大学计算机学院（网络空间安全学院）陈厅副教授首次对以太坊区块..."
"项目推荐 | Maltrail：Malicious traffic detection system",2019年11月21日,安全工具&安全开发,"作者： Miroslav Stampar 项目名称：Maltrail：Malicious traffic detection system 项目地址：https://github.com/..."
门罗币钱包之“狸猫换太子”,2019年11月20日,区块链,"作者：慢雾安全团队 公众号：慢雾分析：门罗币钱包之“狸猫换太子” 昨日，慢雾安全团队监测到 Monero 官方社区和官方 GitHub 出现安全类 issue ..."
"Run Queries on Codebases with CodeQL",2019年11月20日,"经验心得404 English Paper","Author：w7ay@Knownsec 404 Team Time: November 20, 2019 Chinese version: https://paper.seebug.org..."
"代码分析引擎 CodeQL 初体验",2019年11月18日,经验心得404专栏,"作者：w7ay@知道创宇404实验室 日期：2019年11月18日 英文版本: https://paper.seebug.org/1079/ QL是一种查询语言，支持对C++，C#，Ja..."
"项目推荐：Cross-site scripting (XSS) cheat sheet",2019年11月15日,Web安全,"作者：Gareth Heyes 项目名称：Cross-site scripting (XSS) cheat sheet 项目地址：https://portswigger.net/web-secu..."
"开源压缩库 libarchive 代码执行漏洞（CVE-2019-18408）分析",2019年11月29日,漏洞分析,"作者：启明星辰ADLab 公众号：https://mp.weixin.qq.com/s/gG6hslWEyJ3Ez_xpxijPHw 前言 2019年2月，Check Point安全研究团队检测..."
Android勒索病毒分析（上）,2019年11月29日,移动安全,"作者：0431实验室 公众号：吉林省信睿网络 在一个风和日丽的早晨，我的朋友给我发来了一个秒抢红包的apk，我心想还有这好事呢？ 0x01 初探安卓勒索病毒 下载安装便会看到以下情景 嗯？？？..."
"项目推荐：Reverse Engineering iOS Applications",2019年11月25日,安全工具&安全开发,"作者：Ivan Rodriguez 项目名称：Reverse Engineering iOS Applications 项目地址：https://github.com/ivRodriguez..."
关于近日门罗币供应链攻击事件分析,2019年11月22日,区块链,"作者：启明星辰ADLab 公众号：https://mp.weixin.qq.com/s/3B9e0FltRSYWyu96NQp5Tw 一、攻击背景 2019年11月19日，门罗币官方github..."
"从 0 开始入门 Chrome Ext 安全（一） -- 了解一个 Chrome Ext",2019年11月22日,Web安全404专栏,"作者：LoRexxar'@知道创宇404实验室 时间：2019年11月21日 系列文章：《从 0 开始入门 Chrome Ext 安全（二） -- 安全的 Chrome Ext》 English..."
"从 0 开始入门 Chrome Ext 安全（二） -- 安全的 Chrome Ext",2019年12月06日,Web安全404专栏,"作者：LoRexxar'@知道创宇404实验室 时间：2019年12月5日 English version: https://paper.seebug.org/1095/ 在2019年初，微软正..."
"Java 中 RMI、JNDI、LDAP、JRMP、JMX、JMS那些事儿（上）",2019年12月05日,经验心得404专栏,"作者：Longofo@知道创宇404实验室 时间：2019年11月4日 之前看了SHIRO-721这个漏洞，然后这个漏洞和SHIRO-550有些关联，在SHIRO-550的利用方式中又看到了利用..."
"使用 IDA 处理 U-Boot 二进制流文件",2019年12月03日,二进制安全404专栏,"作者：Hcamael@知道创宇404实验室 时间：2019年11月29日 最近在研究IoT设备的过程中遇到一种情况。一个IoT设备，官方不提供固件包，网上也搜不到相关的固件包，所以我从fla..."
"Analysis of Apache ActiveMQ Remote Code Execution Vulnerability (CVE-2016-3088)",2019年12月03日,"漏洞分析404 English Paper","Author：Knownsec 404 Team Chinese Version: https://paper.seebug.org/346/ 1. Background Apach..."
"PTRACE_TRACEME 本地提权漏洞解析",2019年11月29日,漏洞分析,"作者：Gengjia Chen of IceSword Lab, qihoo 360 博客：IceSword Lab PTRACE_TRACEME 漏洞 是 Jann Horn 201907 月..."
"Analysis of Typecho Front-end Getshell Vulnerability",2019年12月10日,"漏洞分析404 English Paper","Author: LoRexxar'@Knownsec 404 Team Chinese version: https://paper.seebug.org/424/ ..."
"AAAI-20 论文解读：基于图神经网络的二进制代码分析",2019年12月10日,二进制安全,"作者：腾讯科恩实验室 公众号：https://mp.weixin.qq.com/s/mTynxUBNBeiYcAhx4PNJrA 腾讯安全科恩实验室《Order Matters: Semanti..."
"Getting Started with Chrome Ext Security from Zero（2） -- Security Chrome Ext",2019年12月09日,"Web安全404 English Paper","Author: LoRexxar'@Knownsec 404 Team Chinese Version: https://paper.seebug.org/1092/ In early 2019..."
"Getting Started with Chrome Ext Security from Zero（1） -- A New Chrome Ext",2019年12月09日,"Web安全404 English Paper","Author: LoRexxar'@Knownsec 404 Team Chinese Version: https://paper.seebug.org/1082/ In early 2019..."
"CVE-2019-18276 :Bash 5.0 Patch 11 - SUID Priv Drop Exploit",2019年12月06日,漏洞分析,"作者：0431实验室 公众号：https://mp.weixin.qq.com/s/UwJPjsIYAU-U__QWCYN1zQ 0x01.漏洞描述 在GUN Bash 5.0 补丁11 she..."
"Linux HIDS agent  概要和用户态 HOOK（一）",2019年12月19日,经验心得404专栏,"作者：u2400@知道创宇404实验室 时间：2019年12月19日 English version：https://paper.seebug.org/1104/ 前言:最近在实现linux..."
"Discuz! X≤3.4 Arbitrary File Deletion Vulnerability Analysis",2019年12月13日,"漏洞分析404 English Paper","Author：LoRexxar '@Knownsec 404 Team Time: September 30, 2017 Chinese version: h..."
"Getting to know JavaAgent --Getting all the loaded classes of the target process",2019年12月12日,"安全工具&安全开发404 English Paper","Author：Longofo@Knownsec 404 Team Time: December 10, 2019 Chinese version: htt..."
"认识 JavaAgent --获取目标进程已加载的所有类",2019年12月11日,安全工具&安全开发404专栏,"作者：Longofo@知道创宇404实验室 时间：2019年12月10日 英文版本：https://paper.seebug.org/1100/ 之前在一个应..."
从研究者视角看漏洞研究之2010年代,2019年12月11日,经验心得,"作者：王铁磊@盘古实验室 公众号：https://mp.weixin.qq.com/s/UBZv0pd7Nr-o-NMxjV53RQ ..."
"CSS-T | Mysql Client Arbitrary File Reading Attack Chain Extension",2020年01月14日,"漏洞分析404 English Paper","Author:LoRexxar@Knownsec 404Team &amp; Dawu@Knownsec 404Team Chinese version: https://paper.seebu..."
"物联网安全系列之远程破解 Google Home",2020年01月09日,Web安全,"作者：「Tencent Blade Team」Leonwxqian &amp; Xbalien &amp; Nicky 公众号：腾讯安全应急响应中心http://https://mp.weix..."
聊聊区块链中的几个技术点,2020年01月09日,区块链,"作者：0x7F@知道创宇404实验室 时间：2020年01月09日 0x00 前言 随着技术浪潮的涌动，国家政策的推动，区块链又慢慢的进入了我们的视野中。在 2020 年初这个时刻，不妨我们再..."
pwn的艺术浅谈（二）：linux堆相关,2020年01月09日,二进制安全,"作者：天融信阿尔法实验室 公众号：https://mp.weixin.qq.com/s/CjIsHpPPhVqI69oZT4xEqg 这是linux pwn系列的第二篇文章，前面一篇文章我们已经..."
"pwn 的艺术浅谈（一）：linux 栈溢出",2020年01月08日,二进制安全,"作者：天融信阿尔法实验室 公众号：https://mp.weixin.qq.com/s/2b-tu6OzFGe-3_aHta1HmQ 这个系列主要介绍linux pwn的基础知识，包括堆栈漏洞的..."
"Apache Solr Velocity 模板注入漏洞深度分析",2020年01月06日,漏洞分析,"作者：天融信阿尔法实验室 公众号：https://mp.weixin.qq.com/s/h9bhovkDoVdq6HHJcoREvg 1 漏洞分析环境搭建 漏洞分析环境搭建 需要工具 IDE..."
"在 Tesla Model S 上实现 Wi-Fi 协议栈漏洞的利用",2020年01月02日,漏洞分析,"作者：腾讯科恩实验室 公众号：https://mp.weixin.qq.com/s/rULdN3wVKyR3GlGBhunpoQ 在过去的两年里，腾讯科恩实验室对特斯拉汽车的安全性进行了深入的研..."
"关于 Java 中的 RMI-IIOP",2019年12月30日,经验心得404专栏,"作者：Longofo@知道创宇404实验室 时间：2019年12月30日 在写完《Java中RMI、JNDI、LADP、JRMP、JMX、JMS那些事儿（上）》的时候，又看到一个包含RMI-I..."
"Linux HIDS agent Summary and User Status HOOK [1]",2019年12月27日,"经验心得404 English Paper","Author: u2400@Knownsec 404 Team Chinese version: https://paper.seebug.org/1102/ Foreword: Recen..."
"ATT&CK 之防御逃逸",2019年12月25日,经验心得,"作者：天融信阿尔法实验室 公众号：https://mp.weixin.qq.com/s/Qwc234edENL8NBxSm4d56g 一、前言 基于MITRE ATT&amp;CK框架中关于“..."
"CVE-2019-19781 远程代码执行漏洞深入分析",2020年02月06日,漏洞分析,"作者：天融信阿尔法实验室 公众号：https://mp.weixin.qq.com/s/rg8xRmhb0ArRQTW0KajSrQ 环境搭建 虚拟机下载地址：https://www.citr..."
"Getting Started with Chrome Ext Security (Extra)-Zoomeye Tools",2020年02月03日,"Web安全404 English Paper","Author: LoRexxar'@Knownsec 404 Team Chinese Version: https://paper.seebug.org/1115/ ..."
"从 0 开始入门 Chrome Ext 安全（番外篇） -- ZoomEye Tools",2020年02月03日,Web安全404专栏,"作者：LoRexxar@知道创宇404实验室 时间：2020年01月17日 英文版本: https://paper.seebug.org/1116/ 系列文章： 1..."
"ThinkPHP6 任意文件操作漏洞分析",2020年01月15日,漏洞分析,"作者：启明星辰ADLab 公众号：https://mp.weixin.qq.com/s/UPu6cE20l24T6fkYOlSUJw 漏洞介绍 2020年1月10日，ThinkPHP团队发布一..."
"CSS-T | Mysql Client 任意文件读取攻击链拓展",2020年01月14日,漏洞分析404专栏,"作者：LoRexxar@知道创宇404实验室 &amp; Dawu@知道创宇404实验室 英文版本：https://paper.seebug.org/1113/ 这应该是一个很早以前就爆出来..."
"ss 协议漏洞的复现和利用",2020年02月17日,漏洞分析,"作者：LeadroyaL 原文链接：https://www.leadroyal.cn/p=1036&amp;from=groupmessage&amp;isappinstalled=0 202..."
"Android 蓝牙子系统 "BlueFrag" 漏洞分析（CVE-2020-0022）",2020年02月17日,漏洞分析,"作者：启明星辰ADLab 公众号：https://mp.weixin.qq.com/s/MgttHkorVd5UrW1Cnlc5Xw 一、漏洞背景 2020年2月，Android安全公告中披露..."
境外黑客组织提前行动，瞄准我国公司实施网络攻击,2020年02月14日,Web安全,"作者：启明星辰ADLab 公众号：https://mp.weixin.qq.com/s/EM69J1EbUKEIHTCVoSXPlQ 一、 黑客最新攻击动向 近日，境外黑客组织（包括匿名者组织..."
"XSS 扫描器成长记",2020年02月12日,经验心得,"作者：w7ay @知道创宇404实验室 时间：2020年2月12日 为了实现自动刷SRC的目标，过年前就开始对w13scan的xss扫描功能进行优化，灵感来源于xray所宣称的基于语义..."
某摄像头产品漏洞分析及解决方案,2020年02月10日,漏洞分析,"作者：启明星辰ADLab 公众号：https://mp.weixin.qq.com/s/E0pEAADV7kMrpTIYqjip0g 1. 摘要 近日，国外安全专家声称发现部分采用华为海思芯片..."
"mariadb (CVE-2020-7221)  提权漏洞分析",2020年02月24日,漏洞分析,"作者：Evi1hui@QAX A-TEAM 原文链接：https://mp.weixin.qq.com/s/3PqYHGklnTb-5eWuNammWA MariaDB是MySQL数据库系统的..."
"Apache Tomcat 文件包含漏洞分析",2020年02月21日,漏洞分析,"作者：启明星辰ADLab 原文链接：https://mp.weixin.qq.com/s/v3EQw4xaE4QTbvEwkfHz9w 一、漏洞概述 2020年2月20日，国家信息安全漏洞共享..."
"local DOS on latest macOS",2020年02月21日,漏洞分析,"作者：Peterpan0927 原文链接：https://peterpan0927.github.io/2020/02/20/local-DOS-on-latest-macOS/#more 前..."
"Java CORBA",2020年02月20日,Web安全,"作者：Lucifaer 原文链接：https://lucifaer.com/2020/02/20/Java%20CORBA%E7%A0%94%E7%A9%B6/ 在说到JNDI的时候，我们最常..."
"padding oracle 原理深度解析 & CBC 字节翻转攻击原理解析",2020年02月20日,漏洞分析,"作者：天融信阿尔法实验室 公众号：https://mp.weixin.qq.com/s/OtGw-rALwpBkERfvqdZ4kQ 1、padding oracle 简介 首先我们先看一下p..."
"APT 分析及 TTPs 提取",2020年02月26日,经验心得,"作者：PIanet 招高级安全分析 反APT研究 威胁情报 hongyu1@360.cn 原文链接：https://projectsharp.org/2020/02/23/APT%20%..."
"Hessian 反序列化及相关利用链",2020年02月25日,Web安全404专栏,"作者：Longofo@知道创宇404实验室 时间：2020年2月20日 英文版本：https://paper.seebug.org/1137/ 前不久有一个关于Apache Dubbo Ht..."
"WebLogic WLS 核心组件 RCE 分析（CVE-2020-2551）",2020年02月25日,漏洞分析,"作者：Lucifaer 原文链接：https://lucifaer.com/2020/02/25/WebLogic%20WLS%E6%A0%B8%E5%BF%83%E7%BB%84%E4%BB%..."
"sudo 历史漏洞回顾",2020年02月25日,漏洞分析,"作者：Strawberry@ QAX A-TEAM 原文链接：https://mp.weixin.qq.com/s/wHwLh0mI00eyRHw8j3lTng sudo 的全称是“super..."
"Apache Dubbo（CVE-2019-17564）反序列化漏洞分析",2020年02月24日,漏洞分析,"作者： Evi1hui@ QAX A-TEAM 原文链接：https://mp.weixin.qq.com/s/dp_I-MyAXdLm4IR2Y2PqEQ Apache Dubbo是一个分布..."
"Hessian deserialization and related gadget chains",2020年03月03日,"Web安全404专栏404 English Paper","Author：Longofo@Knownsec 404 Team Time: February 20, 2020 Chinese version: https://pape..."
"CVE-2018-8453  从 BSOD 到 ExpLoit（下）",2020年02月28日,漏洞分析,"作者：晏子霜 原文链接：http://www.whsgwl.net/blog/CVE-2018-8453_1.html 0x00: Windows10 1709 X64 无补丁 0x01: ..."
"CVE-2018-8453 从 BSOD 到 ExpLoit（上）",2020年02月28日,漏洞分析,"作者：晏子霜 原文链接：http://www.whsgwl.net/blog/CVE-2018-8453_0.html 0x00: Windows10 1703 X64 无补丁 0x01: ..."
"Shadowsocks 重定向攻击分析",2020年02月28日,漏洞分析,"作者： BG7YWL 公众号： 数智安全研究院 前言 Shadowsocks（简称SS）是一款科学上网工具，基于Socks5代理方式的加密传输协议，但是近年来随着GFW墙的日益增高，一些 Sha..."
"Java “后反序列化漏洞” 利用思路",2020年02月27日,漏洞分析,"作者：Ruilin 原文链接：http://rui0.cn/archives/1338 “后反序列化漏洞”指的是在反序列化操作之后可能出现的攻击面。反序列化漏洞是Java中最经典的一种，所以大..."
"Apache Tomcat 远程文件包含漏洞深入分析",2020年03月11日,漏洞分析,"作者：天融信阿尔法实验室 原文链接：https://mp.weixin.qq.com/s/hH0dpRWml0Rt7FxFOsWcMg 文章内容简介 本篇文章针对Apache Tomcat A..."
"Oracle Coherence 反序列化漏洞分析（CVE-2020-2555）",2020年03月11日,漏洞分析,"作者：Lucifaer 原文链接：https://lucifaer.com/2020/03/10/Oracle%20Coherence%20%E5%8F%8D%E5%BA%8F%E5%88%..."
"全球高级持续性威胁（APT） 2019年上半年研究报告",2020年03月09日,专题报告,"作者：腾讯御见威胁情报中心 原文链接：https://mp.weixin.qq.com/s/2mjJC00rEVSx7CK8BVL90A 腾讯安全御见威胁情报中心根据团队自己的研究以及搜集的国..."
尝试利用Cython将Python项目转化为单个.so,2020年03月09日,安全工具&安全开发,"作者：张健 公众号：平安科技银河安全实验室 Cython是一种方便开发者为Python写C extensions的语言，降低了开发者写C拓展的难度；Cython module可以是.py或者...."
"WebLogic CVE-2020-2551漏洞分析",2020年03月04日,漏洞分析,"作者： 天融信阿尔法实验室 原文链接：https://mp.weixin.qq.com/s/dOycwt_-QpmbuUC8CmxLQQ 一、前言 2020年1月15日,Oracle发布了一..."
"不调试源码重现 Ghostcat 漏洞 (CVE-2020-1938)",2020年03月18日,漏洞分析,"作者： xax007@知道创宇404 ScanV安全服务团队 作者博客：https://xax007.github.io/2020/02/25/Apache-Tomcat-AJP-LFI-a..."
"微软 IE Edge 脚本引擎漏洞 CVE-2020-0768 分析",2020年03月16日,漏洞分析,"作者：启明星辰ADLab 原文链接：https://mp.weixin.qq.com/s/kMPbnUpxBbgTExUC38GNRg 微软在近日发布的补丁公告中，修复了一个由启明星辰ADLa..."
这是一篇“不一样”的真实渗透测试案例分析文章,2020年03月13日,经验心得,"作者：cheery@QAX-ATEAM &amp;&amp; n0thing@QAX-ATEAM 公众号： 奇安信ATEAM 0x00 前言 本文是由一次真实的授权渗透案例引申而出的技术分析..."
"v8 利用入门-从越界访问到 rce",2020年03月13日,漏洞分析,"作者： 天融信阿尔法实验室 原文链接：https://mp.weixin.qq.com/s/6qyBFmxsUny-s_FB4PemWg 最近笔者分析了一个chrome v8引擎的漏洞chro..."
"Cobalt Strike 4.0 手册——献给渗透测试人员的先进威胁战术",2020年03月12日,安全基础&教学篇,"作者： Snowming 公众号：奇安信A-TEAM 完整下载：CobaltStrike4.0用户手册（中文翻译） Cobalt Strike 是一个为对手模拟和红队行动而设计的平台，..."
微信远程攻击面简单的研究与分析,2020年03月23日,漏洞分析,"作者：盘古实验室 公众号：https://mp.weixin.qq.com/s/yMQN3MciI-0f3mzz_saiwQ 在完成了对 FaceTime 的一系列漏洞挖掘与研究后，我们决定对微..."
"WordPress ThemeREX Addons 插件安全漏洞深度分析",2020年03月19日,漏洞分析,"作者：天融信阿尔法实验室 原文链接：https://mp.weixin.qq.com/s/W4PbykSWJ1f1c-loOjrclg 0x00 前言 ThemeREX是一家专门出售商业Wo..."
"漫谈 WebLogic-CVE-2020-2551",2020年03月19日,漏洞分析,"作者：r4v3zn@白帽汇安全研究院 本文为作者投稿，Seebug Paper 期待你的分享，凡经采用即有礼品相送！ 投稿邮箱：paper@seebug.org 背景 2020 年 1月1..."
"CVE-2020-1947_Apache_ShardingSphere UI YAML 解析远程代码执行漏洞",2020年03月19日,漏洞分析,"作者：Ja0k@SecurityCN 本文为作者投稿，Seebug Paper 期待你的分享，凡经采用即有礼品相送！ 投稿邮箱：paper@seebug.org 一、事件背景 近日，Ap..."
"RFI 巧用 WebDAV 绕过 URL 包含限制 Getshell",2020年03月19日,Web安全,"作者：Qftm 本文为作者投稿，Seebug Paper 期待你的分享，凡经采用即有礼品相送！ 投稿邮箱：paper@seebug.org 前言 关于远程文件包含（Remote File ..."
"IoT 上 SSL 安全开发小结",2020年03月27日,安全工具&安全开发,"作者：瘦蛟舞 公众号：小米安全中心 0x01 SSL收益 安全性提升，有效对抗绝大部分中间人攻击。 中间人攻击部分场景 HTTP劫持 DNS劫持 ARP欺骗 钓鱼WI..."
"CVE-2020-3119 Cisco CDP Stack Overflow Analysis",2020年03月27日,"漏洞分析404专栏404 English Paper","Author：Hcamael@Knownsec 404 Team Time: March 19, 2020 Chinese version:https://paper.se..."
"CVE-2020-3119 Cisco CDP 协议栈溢出漏洞分析",2020年03月27日,漏洞分析404专栏,"作者：Hcamael@知道创宇404实验室 时间：2020年03月19日 英文版本：https://paper.seebug.org/1156/ Cisco Discovery ..."
"Fastjson1.2.6 6 远程代码执行漏洞分析复现含 4 个 Gadget 利用 Poc 构造",2020年03月26日,Web安全,"作者：Ja0k@SecurityCN 时间：2020年3月22日 一、事件背景 近日，Fastjson发布了新版本1.2.67新增了autoType黑名单，在1.2.66及之前版本中存在大量..."
"Linux 内核内存管理与漏洞利用",2020年03月24日,二进制安全,"作者：evilpan 原文链接：https://mp.weixin.qq.com/s/giV6FcKK5wm2KnbYQxtvLA 本文主要介绍Buddy System、Slab Allocat..."
"Liferay Portal Json Web Service 反序列化漏洞(CVE-2020-7961)",2020年03月30日,漏洞分析404专栏,"作者：Longofo@知道创宇404实验室 时间：2020年3月27日 英文版本：https://paper.seebug.org/1163/ 之前在CODE WHITE上发布了一..."
"Weblogic iiop/T3 回显分析",2020年03月30日,Web安全,"作者：宽字节安全 本文为作者投稿，Seebug Paper 期待你的分享，凡经采用即有礼品相送！ 投稿邮箱：paper@seebug.org 简介 传统weblogic T3协议回显分析 ..."
"WiFi 安全与攻击案例分析",2020年03月30日,IoT安全,"作者: evilpan 博客: PansLabyrinth 本文为作者投稿，Seebug Paper 期待你的分享，凡经采用即有礼品相送！ 投稿邮箱：paper@seebug.org 本文主..."
雷克萨斯汽车安全研究综述报告,2020年03月30日,专题报告,"作者：腾讯科恩实验室 原文链接：https://keenlab.tencent.com/zh/2020/03/30/Tencent-Keen-Security-Lab-Experiment..."
"Metasploit 后渗透模块开发",2020年03月30日,安全工具&安全开发,"作者：三米前有蕉皮 原文链接：https://www.cnblogs.com/Kali-Team/p/12589630.html 前言 接着上几个视频都是演示添加用户的，然后突然想起..."
"Nexus Repository Manager 3 几次表达式解析漏洞",2020年04月10日,漏洞分析404专栏,"作者：Longofo@知道创宇404实验室 时间：2020年4月8日 Nexus Repository Manager 3最近曝出两个el表达式解析漏洞，编号为CVE-2020-10199，..."
"Nexus Repository Manager 3 Several Expression Parsing Vulnerabilities",2020年04月09日,"漏洞分析404专栏404 English Paper","Author：Longofo@ Knownsec 404 Team Time: April 8, 2020 Chinese version:https://paper.seebug.org..."
"CVE-2020-0796 Windows SMBv3 LPE Exploit POC Analysis",2020年04月02日,"漏洞分析404专栏404 English Paper","Author：SungLin@Knownsec 404 Team Time: April 2, 2020 Chinese version:https://paper.seebug.or..."
"CVE-2020-0796 Windows SMBv3 LPE Exploit POC 分析",2020年04月02日,漏洞分析404专栏,"作者：SungLin@知道创宇404实验室 时间：2020年4月2日 英文版本：https://paper.seebug.org/1165/ 0x00 漏洞背景 2020年3月12日..."
"Liferay Portal Json Web Service Deserialization Vulnerability (CVE-2020-7961) Analysis",2020年03月30日,"漏洞分析404专栏404 English Paper","Author：Longofo@Knownsec 404 Team Time: March 27, 2020 Chinese version:https://paper.seebug.o..."
"macOS Security Framework and previous CVEs",2020年04月14日,漏洞分析,"作者：Yuebin Sun 原文链接：https://rekken.github.io/ 摘要 新冠病毒疫情出不了门，在家办公这两周笔者研究了一下 macOS 的 Security ..."
"Java 反序列化系列 ysoserial Groovy 1",2020年04月13日,安全工具&安全开发,"作者：天融信阿尔法实验室 原文链接：https://mp.weixin.qq.com/s/FdZ9nVjyLGV7eEbYtcm4sg ysoserial简介 ysoserial是一..."
"细数 redis 的几种 getshell 方法",2020年04月13日,经验心得,"作者：浅蓝 本文为作者投稿，Seebug Paper 期待你的分享，凡经采用即有礼品相送！ 投稿邮箱：paper@seebug.org 在我以往对 redis 服务的渗透经验中总结了以下几..."
"Schnelder - NetBotz Firmware 固件分析",2020年04月13日,IoT安全,"作者：Murkf0x 本文为作者投稿，Seebug Paper 期待你的分享，凡经采用即有礼品相送！ 投稿邮箱：paper@seebug.org 厂商：Schnelder 涉及产品型号：N..."
"Windows SMB Ghost（CVE-2020-0796）漏洞分析",2020年04月10日,漏洞分析,"作者：启明星辰ADLab 原文链接：https://mp.weixin.qq.com/s/kWKzbjz8CHTaNgRBhqJHpg 漏洞介绍 2020年3月10日，微软在其官方SR..."
"v8 cve-2019-5791 模块耦合导致的类型混淆",2020年04月16日,漏洞分析,"作者：天融信阿尔法实验室 原文链接：https://mp.weixin.qq.com/s/cplBP5bd2NA9upy9rlyLHw 近日，作者研究了chrome v8的一个漏洞cve-2..."
"CODESYS V3 未经身份验证的远程堆溢出漏洞分析与复现",2020年04月15日,漏洞分析,"作 者：安天 公众号： 关键基础设施安全应急响应中心 概述 2020年3月25日CODESYS发布CODESYS V3未经身份验证的远程堆溢出漏洞，攻击者利用精心设计的请求可能会导致基于..."
"Android 中的特殊攻击面（二）——危险的deeplink",2020年04月15日,移动安全,"作者：heeeeen 公众号：OPPO安全应急响应中心 0x01 deeplink简介 deeplink 是一种在网页中启动App的超链接。当用户点击deeplink链接时，Android系统..."
"Android 中的特殊攻击面（一）——邪恶的对话框",2020年04月15日,移动安全,"作者：heeeeen 公众号：OPPO安全应急响应中心 0x00 介绍 所谓攻击面，既是系统处理正常输入的各种入口的总和，也是未授权攻击者进入系统的入口。在漏洞挖掘中，攻击面是最为核心的一个..."
"网络层绕过 IDS/IPS 的一些探索",2020年04月14日,经验心得,"作者：【腾讯安全平台部】 lake2 公众号：腾讯安全应急响应中心 前言 两年兴起的大型网络攻防对抗比赛以实战的方式进行，这个举措非常好，以攻促防（“talk is cheap，show me ..."
"详解 Uniswap 的 ERC777 重入风险",2020年04月21日,区块链,"作者：慢雾安全团队 原文链接：https://mp.weixin.qq.com/s/2ElVUSrk-heV9mpFIwnDhg 前言 据链闻消息，4 月 18 日，Tokenlon 宣布暂停..."
"半自动化挖掘 request 实现多种中间件回显",2020年04月20日,安全工具&安全开发,"作者：c0ny1 原文链接：https://mp.weixin.qq.com/s/uWyHRexDZWQwp81lWjmqqw 0x01 前言 本文献给永远的Avicii,严格意义上我不算是一..."
"Weblogic t3 协议回显穿透 nat 以及获取内网地址",2020年04月20日,Web安全,"作者：宽字节安全 本文为作者投稿，Seebug Paper 期待你的分享，凡经采用即有礼品相送！ 投稿邮箱：paper@seebug.org 简介 环境：Weblogic 12.1.3 实..."
"Qualcomm QSEECOM 接口漏洞（CVE-2019-14040）分析",2020年04月17日,漏洞分析,"作者：阿里安全 谢君 公众号：vessial的安全Trash Can 背景 今天看到腾讯玄武实验室推送的一篇国外的安全公司zimperium的研究人员写的一篇他们分析发现的高通的QSEECOM接..."
移动基带安全研究系列文章之概念与系统篇,2020年04月17日,Web安全,"作者：阿里安全 谢君 公众号：vessial的安全Trash Can 背景 随着5G大浪潮的推进，未来万物互联将会有极大的井喷爆发的可能，而移动基带系统作为连接世界的桥梁，必将成为未来非常重要的..."
"Java 反序列化系列 ysoserial Hibernate1",2020年04月26日,Web安全,"作者：天融信阿尔法实验室 原文链接：https://mp.weixin.qq.com/s/O1ay4BHiyPBkotNIgDQ6Kg Hibernate简介 Hibernate是一个开..."
"从 SQL 到 RCE 利用 SessionState 反序列化攻击 ASP.NET 网站应用程式",2020年04月22日,Web安全,"作者： Cyku 原文链接：https://devco.re/blog/2020/04/21/from-sql-to-rce-exploit-aspnet-app-with-sessionsta..."
"CVE-2020-8835 Linux Kernel 信息泄漏/权限提升漏洞分析",2020年04月22日,漏洞分析,"作者：360CERT 原文链接：https://mp.weixin.qq.com/s/XteBFMBI_j8R6uateNK_YQ 0x01 漏洞背景 2020年03月31日， 360C..."
"MMCore 针对南亚地区的攻击活动分析",2020年04月22日,情报分析,"作者：腾讯御见威胁情报中心 原文链接：https://mp.weixin.qq.com/s/QrmXuXt3jKjNYzRQn3SIWQ 背景介绍 MMCore是一款有趣的恶意文件，为下载器下..."
"DeFi 平台 Lendf.Me 被黑细节分析及防御建议",2020年04月21日,区块链,"作者：慢雾安全团队 原文链接:https://mp.weixin.qq.com/s/tps3EvxyWWTLHYzxsa9ffw 前言 据慢雾区情报，以太坊 DeFi 平台 Lendf.Me ..."
"Fastjson 反序列化漏洞史",2020年05月08日,漏洞分析404专栏,"作者：Longofo@知道创宇404实验室 时间：2020年4月27日 英文版本：https://paper.seebug.org/1193/ Fastjson没有cve编号，不太好查找时..."
"RSA 安全与秘钥基础设施",2020年05月06日,经验心得,"作者: evilpan 原文链接: https://mp.weixin.qq.com/s/c-GVbyzrdU7RV8qjW0NMIA 本文为作者投稿，Seebug Paper 期待你的..."
"渗透利器 Cobalt Strike 在野利用情况专题分析",2020年04月30日,经验心得专题报告,"作者：启明星辰ADLab 原文链接：https://mp.weixin.qq.com/s/Agr3doBvYMK6Bs0tH6urcw 引言 Cobalt Strike是一款商业化的渗透测试..."
"西门子 PLC S7-1500 漏洞分析与复现（附演示视频）",2020年04月27日,漏洞分析IoT安全,"作者：启明星辰ADLab 原文链接：https://mp.weixin.qq.com/s/4bs7j-DZFcZliNhLO9FKPw 研究背景 西门子PLC广泛运用在各行业的工业控制系..."
"VirtualBox USB 模块堆越界读写，或可造成虚拟机逃逸",2020年04月27日,漏洞分析,"作者：林以 公众号：支付宝安全实验室 Oracle在北京时间4月15日发布了本年度第二次的Critical Patch Update Advisory，并在最新版VirtualBox（6...."
"空指针-Base on windows Writeup  -- 最新版DZ3.4实战渗透",2020年05月11日,CTF404专栏,"作者：LoRexxar'@知道创宇404实验室 时间：2020年5月11日 英文链接： https://paper.seebug.org/1205/ 周末看了一下这次空指针的第三次Web公开赛..."
"Shiro 权限绕过漏洞分析(CVE-2020-1957)",2020年05月11日,漏洞分析,"作者：Spoock 博客：https://blog.spoock.com/2020/05/09/cve-2020-1957/ 本文为作者投稿，Seebug Paper 期待你的分享，凡经采用即有..."
"Apache CommonCollection Gadget 几种特殊的玩法",2020年05月11日,Web安全,"作者：宽字节安全 公众号：https://mp.weixin.qq.com/s/xwEOpEkPurwP119tonUzVQ 本文为作者投稿，Seebug Paper 期待你的分享，凡经采用即有..."
"JAVA RMI 反序列化知识详解",2020年05月09日,Web安全,"作者：天融信阿尔法实验室 原文链接：https://mp.weixin.qq.com/s/bC71HoEtDAKKbHJvStu9qA JAVA RMI反序列化知识详解 一、前言 在Ja..."
"Fastjson Deserialization Vulnerability History",2020年05月08日,"漏洞分析404专栏404 English Paper","Author：Longofo@Knownsec 404 Team Time: April 27, 2020 Chinese version:https://paper.seebug.org..."
"通过 Trojanized 2FA 应用程序散播  Lazarus Dacls RAT 的 Mac 新变种木马",2020年05月14日,威胁情报,"原文链接：New Mac variant of Lazarus Dacls RAT distributed via Trojanized 2FA app 译者：知道创宇404实验室翻译组 ..."
"NEMTY 的继任者——Nefilim/Nephilim 勒索软件",2020年05月13日,威胁情报,"原文：Meet NEMTY Successor, Nefilim/Nephilim Ransomware 译者：知道创宇404实验室翻译组 现在是一个研究跟踪勒索软件趋势的有趣时机，特别是在过去..."
"海莲花(OceanLotus) APT组织滥用合法证书传播高级 Android 威胁",2020年05月13日,威胁情报,"原文：Android Campaign from Known OceanLotus APT Group Potentially Older than Estimated, Abused Legi..."
"Java 反序列化系列 ysoserial Hibernate2",2020年05月13日,Web安全,"作者：天融信阿尔法实验室 原文链接：https://mp.weixin.qq.com/s/EeDpAP2n3RZ-3EYTET27nw 相关文章：Java 反序列化系列 ysoserial ..."
"win32k.sys 漏洞挖掘思路解读",2020年05月12日,漏洞分析,"作者：启明星辰ADLab 公众号：https://mp.weixin.qq.com/s/jbZK0w53DTam_FVpLpWYGQ 1 研究背景 4月1日，以色列安全研究员Gil Dabah在..."
"JAVA JNDI 注入知识详解",2020年05月15日,经验心得,"作者： 天融信阿尔法实验室 原文链接：https://mp.weixin.qq.com/s/TJTOh0q0OY-j6msP6XSErg 一、前言 在漏洞挖掘或利用的时候经常会遇见JND..."
"Mikroceen 后门程序：对中亚地区政府机构和组织进行秘密间谍活动",2020年05月15日,威胁情报,"原文：Mikroceen: Spying backdoor leveraged in high‑profile networks in Central Asia 译者：知道创宇404实验室翻译组..."
"针对南亚政府和军事组织的 BackConfig 恶意软件",2020年05月14日,威胁情报,"原文：Updated BackConfig Malware Targeting Government and Military Organizations in South Asia 译者：知..."
"NULL Pointer 3th Web Challenge Writeup  -- The latest version of DZ3.4 penetration",2020年05月14日,"CTF404专栏404 English Paper","Author：LoRexxar@Knownsec 404 Team Time: May 11, 2020 Chinese version: https://paper.seebug.or..."
"针对欧洲组织的新的僵尸网络 Outlaw 再度来袭",2020年05月14日,威胁情报,"原文链接：Outlaw is Back, a New Crypto-Botnet Targets European Organizations 译者：知道创宇404实验室翻译组 介绍 ..."
"COMpfun 操作者利用基于 HTTP 状态的木马欺骗签证申请",2020年05月18日,威胁情报,"原文：https://securelist.com/compfun-http-status-based-trojan/96874/ 译者：知道创宇404实验室翻译组 2019年秋，我们发布了一..."
"Mirai 和 Hoaxcalls 僵尸网络瞄准旧版赛门铁克 Web 网关",2020年05月18日,威胁情报,"原文：Mirai and Hoaxcalls Botnets Target Legacy Symantec Web Gateways 译者：知道创宇404实验室翻译组 摘要 作为Unit 42主..."
浅谈基于开源工具的威胁情报自动化生产,2020年05月18日,安全工具&安全开发威胁情报,"作者：果胜 本文为作者投稿，Seebug Paper 期待你的分享，凡经采用即有礼品相送！ 投稿邮箱：paper@seebug.org 威胁情报在攻防中的地位 在IoT,云计算,基于容器的弹..."
"椭圆曲线加密与 NSA 后门考古",2020年05月18日,经验心得,"作者：evilpan 原文链接：https://mp.weixin.qq.com/s/BMXzOZ3yxhfl2JOe61EnNA 本文为作者投稿，Seebug Paper 期待你的..."
对称加密与攻击案例分析,2020年05月18日,经验心得,"作者：evilpan 原文链接：https://evilpan.com/2019/06/02/crypto-attacks/ 本文为作者投稿，Seebug Paper 期待你的分享，凡..."
NoiseMe：瞄准加密货币交易机器人的新型恶意软件攻击分析报告,2020年05月22日,情报分析,"作者：启明星辰ADLab 原文链接：https://mp.weixin.qq.com/s/PuB0fQ-cHmHUs2_zSef8Ag 一、概述 加密货币一直以来都是黑客们极为热衷的攻击领域，除..."
"Wolf 恶意软件再次发起攻击",2020年05月22日,威胁情报,"原文链接：The wolf is back 译者：知道创宇404实验室翻译组 泰国Android设备用户正受到“ WolfRAT”的DenDroid升级版的攻击，目前，它主要针对如What..."
"垃圾钓鱼邮件活动：通过 paste.ee 和 Excel 文件向德国用户发送 Netwire RAT 恶意软件",2020年05月21日,威胁情报,"原文：Spam campaign: Netwire RAT via paste.ee and MS Excel to German users 译者：知道创宇404实验室翻译组 G DATA发现..."
"Eleethub：使用 Rootkit 进行自我隐藏的加密货币挖矿僵尸网络",2020年05月20日,威胁情报,"原文：Eleethub: A Cryptocurrency Mining Botnet with Rootkit for Self-Hiding 译者：知道创宇404实验室翻译组 Unit 42..."
LOLSnif–另一个基于Ursnif的目标追踪活动,2020年05月20日,威胁情报,"原文：LOLSnif – Tracking Another Ursnif-Based Targeted Campaign 译者：知道创宇404实验室翻译组 工具泄露是网络安全中非常有趣的事..."
"从 Agent.BTZ 到 ComRAT v4 的十年发展历程",2020年05月27日,威胁情报,"原文链接：From Agent.BTZ to ComRAT v4: A ten‑year journey 翻译：知道创宇404实验室翻译组 ESET研究人员近期发现了由Turla组织Com..."
"Sarwent  恶意软件更新命令功能持续发展",2020年05月26日,威胁情报,"原文链接：Sarwent Malware Continues to Evolve With Updated Command Functions 译者：知道创宇404实验室翻译组 Sarwe..."
"Look for traces of APT attacks through the ZoomEye history api",2020年05月25日,"安全工具&安全开发404专栏404 English Paper","Author: Heige(a.k.a Superhei) of KnownSec 404 Team Date: May 25,2020 Chinese version:https://pap..."
"使用 ZoomEye 寻找 APT 攻击的蛛丝马迹",2020年05月25日,安全工具&安全开发404专栏,"作者：Heige(a.k.a Superhei) of KnownSec 404 Team 时间：2020年5月25日 英文链接：https://paper.seebug.org/1220/..."
"Windows PrintDemon 提权漏洞分析",2020年05月22日,漏洞分析,"作者：启明星辰ADLab 原文链接：https://mp.weixin.qq.com/s/1FyUakK_u_LUKHeSFu52Ew 一、漏洞概述 微软在5月12日的安全更新中公开了一个Wi..."
"MySQL JDBC 客户端反序列化漏洞",2020年06月02日,漏洞分析,"作者：沈沉舟 原文链接：http://scz.617.cn:8/network/202005262206.txt 背景介绍 2019年11月底Yang Zhang等人在BlackHat上有个议..."
"Himera 和 AbSent-Loader 利用 Covid19 主题传播恶意软件",2020年06月01日,威胁情报,"原文链接：Himera and AbSent-Loader Leverage Covid19 Themes 译者：知道创宇404实验室翻译组 相关介绍 我们在日常的网络监测中，对许多伪装的..."
"卡巴斯基报告：安卓系统 APP 中可疑广告模块应用",2020年05月31日,威胁情报,"原文：Aggressive in-app advertising in Android 译者：知道创宇404实验室翻译组 近期，Google Play上流行应用程序中的可疑广告模块越来越多，..."
"Java 反序列化系列 ysoserial Jdk7u21",2020年05月29日,漏洞分析,"作者：天融信阿尔法实验室 原文链接：https://mp.weixin.qq.com/s/qlg3IzyIc79GABSSUyt-OQ 1. Jdk7U21漏洞简介 谈到java的反序列化..."
"高级威胁：Ramsay 恶意软件针对隔离网络的攻击技术分析",2020年05月29日,威胁情报,"原文链接：https://mp.weixin.qq.com/s/Wl0I0CIrLmMHSr9RjpFNHg 作者：腾讯御见威胁情报中心 一、背景 近期，国外安全公司ESET发布了恶意软..."
"JAVA 8u20 反序列化漏洞分析",2020年06月08日,漏洞分析,"作者：天融信阿尔法实验室 原文链接：https://mp.weixin.qq.com/s/TAjfHEJCvP-1yK2hUZlrbQ 一、前言 在JDK7u21中反序列化漏洞修补方式是在A..."
浅谈通过推特获取威胁情报,2020年06月05日,经验心得,"作者：果胜 本文为作者投稿，Seebug Paper 期待你的分享，凡经采用即有礼品相送！ 投稿邮箱：paper@seebug.org 在SOC的实践中，对安全事件的跟踪以及威胁溯源是安全预..."
"卡巴斯基报告：针对 Cycldek 黑客组织知识鸿沟的相关信息",2020年06月04日,威胁情报,"原文链接：Cycldek: Bridging the (air) gap 译者：知道创宇404实验室翻译组 主要发现 在调查关于Cycldek组织2018年后有关攻击活动时，发现对该组织的..."
"ShellReset RAT 利用基于恶意宏的 word 文档传播",2020年06月03日,威胁情报,"原文链接:ShellReset RAT Spread Through Macro-Based Documents Using AppLocker Bypass 译者：知道创宇404实验室翻译组 ..."
"从 CVE-2018-4441 看 jsc 的 OOB 利用",2020年06月03日,漏洞分析,"作者： 天融信阿尔法实验室 原文链接：https://mp.weixin.qq.com/s/pGvnLJouphJqxQ2zPDAcUw 最近研究了safari浏览器JavascriptC..."
"Apache Kylin 命令注入漏洞 CVE-2020-1956 POC 分析",2020年06月09日,漏洞分析,"作者：香依香偎 原文链接：闻道解惑（wendao_jiehuo） 本文为作者投稿，Seebug Paper 期待你的分享，凡经采用即有礼品相送！ 投稿邮箱：paper@seebug.org C..."
"浅谈下 Fastjson 的 autotype 绕过",2020年06月09日,经验心得,"作者：Kingkk 原文链接：https://www.kingkk.com/2020/06/%E6%B5%85%E8%B0%88%E4%B8%8BFastjson%E7%9A%84autotyp..."
"Higaisa APT 相关新的 LNK 攻击分析",2020年06月08日,威胁情报,"原文链接：New LNK attack tied to Higaisa APT discovered 译者：知道创宇404实验室翻译组 5月29日，我们发现了一起网络攻击事件，我们认为这该事..."
一行代码引来的安全漏洞就让我们丢失了整个服务器的控制权,2020年06月08日,经验心得,"作者：唐磊 原文链接：https://www.tanglei.name/blog/a-security-vulnerability-of-spring-validator.html 本文为..."
"tomcat 结合shiro 无文件 webshell 的技术研究以及检测方法",2020年06月08日,经验心得,"作者：宽字节安全 原文链接：https://mp.weixin.qq.com/s/fFYTRrSMjHnPBPIaVn9qMg 本文为作者投稿，Seebug Paper 期待你的分享，凡经采..."
"Java安全之反序列化篇-URLDNS&Commons Collections 1-7反序列化链分析",2020年06月11日,漏洞分析,"作者：p1g3@D0g3 本文为作者投稿，Seebug Paper 期待你的分享，凡经采用即有礼品相送！ 投稿邮箱：paper@seebug.org 本篇将以URLDNS以及Comm..."
TA410：针对美国公用事业部门的攻击组织再出新的恶意软件,2020年06月11日,威胁情报,"原文链接：Against U.S. Utilities Sector Returns with New Malware 译者：知道创宇404实验室翻译组 去年8月，Proofpoint研..."
"伪 Electrum 鱼叉钓鱼攻击分析",2020年06月10日,情报分析,"作者：爱上平顶山@慢雾安全团队 原文链接：https://mp.weixin.qq.com/s/7MMXj8Lll4YkssOXoxdm4A 前言 近日，慢雾安全团队收到情报，有专业黑产团..."
"通过 Netwire 攻击链对意大利进行网络攻击",2020年06月10日,威胁情报,"原文链接：New Cyber Operation Targets Italy: Digging Into the Netwire Attack Chain 译者：知道创宇404实验室翻译组 ..."
从开发到漏洞挖掘的角色转换,2020年06月10日,经验心得,"作者：Proteas 原文链接：https://github.com/Proteas/from-rd-to-vul-research 本文作者是一个具有3年Windows C++开发经验，..."
"AcidBox：Turla Group 开发的针对俄罗斯组织的恶意软件",2020年06月18日,威胁情报,"原文链接：AcidBox: Rare Malware Repurposing Turla Group Exploit Targeted Russian Organizations 作者：知道创宇..."
"Valak 恶意软件与 Gozi ConfCrew 的千丝万缕联系",2020年06月17日,威胁情报,"原文链接：Valak Malware and the Connection to Gozi Loader ConfCrew 译者：知道创宇404实验室翻译组 Valak是使用基于脚本的多阶..."
"Gamaredon 威胁组织活动相关分析",2020年06月16日,威胁情报,"原文链接：Gamaredon group grows its game 作者：知道创宇404实验室翻译组 研究人员发现，高度活跃的Gamaredon威胁组织在各种恶意活动中使用了未被记录..."
"执行无字母的 JavaScript 语句",2020年06月15日,经验心得,"作者： 天融信阿尔法实验室 原文链接：https://mp.weixin.qq.com/s/mjqks20xZSV9NwgeB9Q1fw 一、前言 在一次XSS测试中,往可控的参数中输入XSS ..."
"NetWalker 勒索软件相关分析",2020年06月12日,威胁情报,"原文链接：NetWalker Ransomware: No Respite, No English Required 译者：知道创宇404实验室翻译组 Netwalker (又名 Mailt..."
"JBOSS 无文件 webshell 的技术研究",2020年06月22日,经验心得,"作者：宽字节安全 原文链接：https://mp.weixin.qq.com/s/_SQS9B7tkL1H5fMIgPTOKw 本文为作者投稿，Seebug Paper 期待你的分享，凡经采用即..."
"Java 安全-RMI-学习总结",2020年06月22日,经验心得,"作者：p1g3@D0g3 原文链接:https://payloads.info/ 本文为作者投稿，Seebug Paper 期待你的分享，凡经采用即有礼品相送！ 投稿邮箱：paper@se..."
"多阶段 APT 攻击使用 C2 功能降低 Cobalt Strike",2020年06月22日,威胁情报,"原文链接：Multi-stage APT attack drops Cobalt Strike using Malleable C2 feature 译者：知道创宇404实验室翻译组 6月..."
"weblogic 无文件 webshell 的技术研究",2020年06月19日,经验心得,"作者：宽字节安全 原文链接：https://mp.weixin.qq.com/s/euYuuI78oJhUHt9dVkomKA 本文为作者投稿，Seebug Paper 期待你的分享，凡经采用即..."
针对知名航天和军事公司的攻击活动分析,2020年06月19日,威胁情报,"原文链接：Operation In(ter)ception: Aerospace and military companies in the crosshairs of cyberspies ..."
"CVE-2019-5786 漏洞原理分析及利用",2020年06月29日,漏洞分析404专栏,"作者：Kerne7@知道创宇404实验室 时间：2020年6月29日 从补丁发现漏洞本质 首先根据谷歌博客收集相关CVE-2019-5786漏洞的资料：High CVE-2019-5786:..."
"浅谈 NLP 技术在威胁情报中的应用",2020年06月29日,经验心得,"作者：果胜 本文为作者投稿，Seebug Paper 期待你的分享，凡经采用即有礼品相送！ 投稿邮箱：paper@seebug.org 目前在威胁情报领域基于机器学习的数据分析技术已..."
WastedLocker：赛门铁克确定了针对美国组织的攻击浪潮,2020年06月28日,威胁情报,"原文链接：WastedLocker: Symantec Identifies Wave of Attacks Against U.S. Organizations 译者：知道创宇404实验室翻译..."
"Tomcat 基于 Servlet 的无文件 webshell 的相关技术研究",2020年06月28日,经验心得,"作者：宽字节安全 原文链接：https://mp.weixin.qq.com/s/gYGrdDtIldzrE7NHSxTDYQ 本文为作者投稿，Seebug Paper 期待你的分享，凡经采..."
"Rovnix Bootkit 恶意软件相关活动分析",2020年06月24日,威胁情报,"原文链接：Oh, what a boot-iful mornin’ 译者：知道创宇404实验室翻译组 今年4月中旬，相关威胁监控系统检测到借助“世界银行与冠状病毒大流行有关的新倡议”的恶意..."
"Ripple20：Treck TCP/IP协议栈漏洞分析与验证（附视频）",2020年07月01日,漏洞分析,"作者：启明星辰ADLab 公众号：https://mp.weixin.qq.com/s/2F1-35HIk126crowAh9LLw 一、前言 国外安全研究人员在由Treck开发的TCP/I..."
"Nexus Repository Manager 2.x command injection vulnerability (CVE-2019-5475) bypassed twice",2020年07月01日,"漏洞分析404专栏404 English Paper","Author: Badcode and Longofo@Knownsec 404 Team Date: 2020/02/09 Chinese Version: https://paper.see..."
"Nexus Repository Manager 2.x 命令注入漏洞 (CVE-2019-5475) 两次绕过",2020年06月30日,漏洞分析404专栏,"作者: Badcode and Longofo@知道创宇404实验室 时间: 2020年2月9日 English Version：https://paper.seebug.org/1261..."
"联发科芯片 Rootkit 漏洞分析（CVE-2020-0069）",2020年06月30日,漏洞分析,"作者：启明星辰ADLab 原文链接：https://mp.weixin.qq.com/s/ohMZkfyS_B_HVg3Xm0THbQ 一、漏洞背景 2020年3月，谷歌修补了一个存在于联发科芯..."
"UPnP 协议 CallStranger 漏洞影响数百万设备",2020年06月30日,漏洞分析,"作者：启明星辰ADLab 原文链接：https://mp.weixin.qq.com/s/OBgJJ3UqENhw92CJ2wE9pQ 1.漏洞概述 2020年6月8日，安全研究员Yunus..."
"从反序列化到类型混淆漏洞——记一次 ecshop 实例利用",2020年07月08日,漏洞分析404专栏,"作者：LoRexxar'@知道创宇404实验室 时间：2020年3月31日 English Version: https://paper.seebug.org/1268 本文初完成于2020年3..."
"Apache Dubbo (CVE-2020-1948) 反序列化漏洞及其补丁绕过深度分析",2020年07月06日,漏洞分析,"作者：天融信阿尔法实验室 公众号：https://mp.weixin.qq.com/s/4PeagkLbYPpO6L4tvhgHCw Apache Dubbo简介 Dubbo是一个分布式服务框架..."
"SWEED 黑客组织攻击活动分析报告",2020年07月06日,专题报告,"作者：启明星辰ADLab 公众号：https://mp.weixin.qq.com/s/bXPmfp316WC6R0yHULU-jA 一 概述 近期，启明星辰ADLab接连捕获到大量针对全球制造..."
"Dubbo 漏洞 CVE-2020-1948 分析",2020年07月03日,漏洞分析,"作者：平安科技银河实验室 公众号：https://mp.weixin.qq.com/s/wU1iacELbhspWMftRIQdeA 0x01 简述 Dubbo是阿里巴巴一种开源的RPC服务框架..."
"Dubbo2.7.7 反序列化漏洞绕过分析",2020年07月01日,漏洞分析,"作者：腾讯安全云鼎实验室 公众号：https://mp.weixin.qq.com/s/jKM-Z2BTFfk_Ro1rJAxg5w 北京时间2020-6-22日Apache官方发布了Dubbo..."
"F5 BIG-IP hsqldb (CVE-2020-5902) Vulnerability Analysis",2020年07月14日,"漏洞分析404专栏404 English Paper","Author：Longofo@Knownsec 404 Team Date: July 10, 2020 Chinese Version: https://paper.seebug.org/12..."
"F5 BIG-IP hsqldb(CVE-2020-5902)漏洞踩坑分析",2020年07月14日,漏洞分析404专栏,"作者：Longofo@知道创宇404实验室 时间：2020年7月10日 English Version: https://paper.seebug.org/1272/ F5 BIG-IP最近发生..."
"Geekpwn 2020云端挑战赛 Noxss & umsg",2020年07月14日,CTF,"作者：LoRexxar'@知道创宇404实验室 时间：2020年7月14日 前两天看了今年Geekpwn 2020 云端挑战赛，web题目涉及到了几个新时代前端特殊技巧，可能在实战中利用起来难度..."
"Android 中的特殊攻击面（三）—— 隐蔽的 call 函数",2020年07月09日,移动安全,"作者：heeeeen 公众号：OPPO安全应急响应中心 系列阅读： - Android 中的特殊攻击面（一）——邪恶的对话框 - Android 中的特殊攻击面（二）——危险的deeplink ..."
"From Deserialization to Type Confusion Vulnerability —— A Real Use in Ecshop Lastest",2020年07月08日,"漏洞分析404专栏404 English Paper","Author: LoRexxar'@Knownsec 404 Team Date: March 31,2020. Chinese Version: https://paper.seebug.or..."
"“失控”的 IPv6：观察 IPv6 网络环境安全现状",2020年07月27日,专题报告,"作者：se162xg@知道创宇404积极防御实验室 时间：2020年7月27日 1. 从IPv4到IPv6 IPv6的全称是“Internet Protocol version 6”，意为..."
"CVE-2020-1362 漏洞分析",2020年07月27日,漏洞分析404专栏,"作者：bybye@知道创宇404实验室 时间：2020年7月24日 漏洞背景 WalletService 服务是 windows 上用来持有钱包客户端所使用的对象的一个服务，只存在 wind..."
"开源=安全？RVN 盗币事件复盘",2020年07月23日,区块链404专栏,"作者：ACce1er4t0r@知道创宇404区块链安全研究团队 时间：2020年7月22日 在7月15号，v2ex上突然出现了一个这样标题的帖子：三行代码就赚走 4000w RMB，还能这么..."
"Fastjson 1.2.24 反序列化漏洞深度分析",2020年07月20日,漏洞分析,"作者：天融信阿尔法实验室 公众号：https://mp.weixin.qq.com/s/vsFRpyPTmj-h3kk6KhEfeg 前言 FastJson是alibaba的一款开源JSON..."
"溯源黑帽利用 Web 编辑器漏洞非法植入 SEO 页面事件",2020年07月16日,情报分析,"作者：SanLorewalker@知道创宇404积极防御实验室 一、背景 知道创宇威胁情报中心-业务安全舆情监测平台不断发现大量网站被植入非法SEO内容页面，且最近有明显上升的现象，2020..."
基于网络空间搜索引擎的通用漏洞挖掘,2020年08月04日,安全工具&安全开发404专栏,"作者：知道创宇404实验室 时间：2020年8月4日 FIT 2019 大会上，黑哥发表《基于网络空间搜索引擎的通用漏洞挖掘》主题演讲，介绍了知道创宇旗下网络空间搜索引擎 “ZoomEye 钟馗..."
"CVE-2020-14644 分析与 gadget 的一些思考",2020年08月04日,漏洞分析,"作者：kingkk 原文链接：https://www.kingkk.com/2020/08/CVE-2020-14644 本文为作者投稿，Seebug Paper 期待你的分享，凡经采用即有礼品..."
"WebLogic coherence UniversalExtractor 反序列化 (CVE-2020-14645) 漏洞分析",2020年08月03日,漏洞分析404专栏,"作者：DEADF1SH_CAT@知道创宇404实验室 时间：2020年8月3日 前言 Oracle七月发布的安全更新中，包含了一个Weblogic的反序列化RCE漏洞，编号CVE-2020-14..."
"卡巴斯基报告：Lazarus APT 组织的大型狩猎游戏",2020年07月30日,威胁情报,"原文链接：Lazarus on the hunt for big game 译者：知道创宇404实验室翻译组 毫无疑问，2020 年将成为历史上令人不愉快的一年。在网络安全领域，针对目标的勒..."
"注意容器安全：Doki 感染云中的 Docker 服务器",2020年07月30日,威胁情报,"原文链接：Watch Your Containers: Doki Infecting Docker Servers in the Cloud 译者：知道创宇404实验组翻译组 主要发现 Ng..."
"Weblogic 远程命令执行漏洞（CVE-2020-14645）分析",2020年08月07日,漏洞分析,"作者：hu4wufu @ 白帽汇安全研究院 核对：r4v3zn @ 白帽汇安全研究院 本文为作者投稿，Seebug Paper 期待你的分享，凡经采用即有礼品相送！ 投稿邮箱：paper@see..."
"Shiro RememberMe 漏洞检测的探索之路",2020年08月07日,漏洞分析,"作者：Koalr @ 长亭科技 原文链接：https://mp.weixin.qq.com/s/jV3B6IsPARRaxetZUht57w 本文为作者投稿，Seebug Paper 期待你的..."
"Mirai 僵尸网络利用 CVE-2020-5902 漏洞攻击物联网设备",2020年08月06日,威胁情报,"作者： FernandoMercês（高级威胁研究员） 原文链接：https://blog.trendmicro.com/trendlabs-security-intelligence/mira..."
"Weblogic 远程命令执行漏洞（CVE-2020-14644）分析",2020年08月06日,漏洞分析,"作者：Sp4rr0vv@ 白帽汇安全研究院 核对：r4v3zn@ 白帽汇安全研究院 本文为作者投稿，Seebug Paper 期待你的分享，凡经采用即有礼品相送！ 投稿邮箱：paper@seeb..."
"Bulehero 蠕虫病毒安全分析报告",2020年08月05日,情报分析专题报告,"作者：answerboy @知道创宇404积极防御实验室 时间：2020年8月5日 1 概述 近日知道创宇404积极防御团队通过知道创宇云防御安全大数据平台（GAC）监测到大量利用Struts..."
